id,month,release_date,series,title,uploader,soundcloud_url,tracklist_url,artwork_url,soundcloud_embed_html,track_count
634,2022-04,2022-04-25,ERA,"ERA 003 Rebūke Live From Terminal V, Edinburgh",Rebūke,https://soundcloud.com/rebukemusic/era-003-rebuke-live-from-terminal-v-edinburgh,,,,0
635,2022-04,2022-04-15,ERA,ERA 002 Rebūke Studio Mix,Rebūke,https://soundcloud.com/rebukemusic/era-002-rebuke-studio-mix,,,,11
636,2022-04,2022-04-07,ERA,ERA 001 Rebūke Live From Drumcode @ Space Miami,Rebūke,https://soundcloud.com/rebukemusic/rrr051-rebuke-live-from-drumcode-space-miami,"https://www.mixesdb.com/w/2022-03-24_-_Reb%C5%ABke_@_Drumcode_Miami,_Space,_Miami,_MMW_(ERA_Radio_001)",,,0
629,2022-05,2022-05-30,ERA,"ERA 008 Rebūke Live From Era @ The Timberyard, Melbourne",Rebūke,https://soundcloud.com/rebukemusic/era-008-rebuke-live-from-era-the-timberyard-melbourne,,,,0
630,2022-05,2022-05-23,ERA,ERA 007 Rebūke Studio Mix,Rebūke,https://soundcloud.com/rebukemusic/era-007-rebuke-studio-mix,,,,12
631,2022-05,2022-05-16,ERA,ERA 006 Will Clarke Studio Mix,Rebūke,https://soundcloud.com/rebukemusic/era-006-will-clarke-studio-mix,,,,0
632,2022-05,2022-05-09,ERA,ERA 005: Rebūke Ravers Club Special,Rebūke,https://soundcloud.com/rebukemusic/era-005-rebuke-ravers-club-special,,,,14
633,2022-05,2022-05-02,ERA,ERA 004 Disfreq Studio Mix,Rebūke,https://soundcloud.com/rebukemusic/era-004-disfreq-studio-mix,,,,0
625,2022-06,2022-06-27,ERA,"ERA 012 - Rebūke Live From The Brooklyn Mirage, New York",Rebūke,https://soundcloud.com/rebukemusic/era-012-rebuke-live-from-the-brooklyn-mirage-new-york,,,,0
626,2022-06,2022-06-20,ERA,ERA 011 - Wehbba Studio Mix,Rebūke,https://soundcloud.com/rebukemusic/era-011-wehbba-studio-mix,,,,0
627,2022-06,2022-06-13,ERA,ERA 010 - Rebūke Studio Mix,Rebūke,https://soundcloud.com/rebukemusic/era-010-rebuke-studio-mix,,,,11
628,2022-06,2022-06-06,ERA,"ERA 009 - Rebūke Live From Life Festival, Ireland",Rebūke,https://soundcloud.com/rebukemusic/era-009-rebuke-live-from-life-festival-ireland,"https://www.mixesdb.com/w/2022-05-29_-_Reb%C5%ABke_@_Life_Festival,_Belvedere_House_%26_Gardens,_Ireland_(ERA_009)",,,0
621,2022-07,2022-07-25,ERA,"ERA 016 - Rebūke Live From Trick @ DC10, Ibiza",Rebūke,https://soundcloud.com/rebukemusic/era-016-rebuke-live-from-trick-dc10-ibiza,,,,0
622,2022-07,2022-07-18,ERA,ERA 015 - Loco & Jam Studio Mix,Rebūke,https://soundcloud.com/rebukemusic/era-015-loco-jam-studio-mix,,,,0
623,2022-07,2022-07-11,ERA,"ERA 014 - Rebūke Live from Input, Barcelona",Rebūke,https://soundcloud.com/rebukemusic/era-014-rebuke-live-from-input-barcelona,,,,0
624,2022-07,2022-07-04,ERA,"ERA 013 - Rory Marshall Live From ERA @ Melbourne, Australia",Rebūke,https://soundcloud.com/rebukemusic/era-013-rory-marshall-live-from-era-melbourne-australia,,,,0
616,2022-08,2022-08-29,ERA,"ERA 021 - Rebūke Live From Aquasella Festival, Spain",Rebūke,https://soundcloud.com/rebukemusic/era-021-rebuke-live-from-aquasella-festival-spain,,,,18
617,2022-08,2022-08-22,ERA,"ERA 020 - Andres Campo Live From Elrow Town, Madrid",Rebūke,https://soundcloud.com/rebukemusic/era-020-andres-campo-live-from-elrow-town-madrid,,,,22
618,2022-08,2022-08-15,ERA,ERA 019 - Sian Studio Mix,Rebūke,https://soundcloud.com/rebukemusic/era-019-sian-studio-mix,,,,0
619,2022-08,2022-08-08,ERA,ERA 018 - Rebūke Studio Mix,Rebūke,https://soundcloud.com/rebukemusic/era-018-rebuke-studio-mix,,,,12
620,2022-08,2022-08-01,ERA,"ERA 017 - Fergie Studio Mix, Las Vegas",Rebūke,https://soundcloud.com/rebukemusic/era-017-fergie-studio-mix-las-vegas,,,,0
612,2022-09,2022-09-23,ERA,ERA 025 - Rebūke Studio Mix,Rebūke,https://soundcloud.com/rebukemusic/era-025-rebuke-studio-mix,,,,11
613,2022-09,2022-09-19,ERA,"ERA 024 - Avision Live From Fabulous Festival, France",Rebūke,https://soundcloud.com/rebukemusic/era-024-avision-live-from-fabulous-festival-france,,,,17
614,2022-09,2022-09-12,ERA,"ERA 023 - Rebūke Live From Electric Picnic, Ireland",Rebūke,https://soundcloud.com/rebukemusic/era-023-rebuke-live-from-electric-picnic-ireland,,,,21
615,2022-09,2022-09-05,ERA,ERA 022 - Rebūke Studio Mix,Rebūke,https://soundcloud.com/rebukemusic/era-022-rebuke-studio-mix,,,,11
607,2022-10,2022-10-28,ERA,"ERA 030 - Rebuke Studio Mix, Ireland",Rebūke,https://soundcloud.com/rebukemusic/era-030-rebuke-studio-mix-ireland,,,,11
608,2022-10,2022-10-21,ERA,"ERA 029 - Modeā Studio Mix, Ireland",Rebūke,https://soundcloud.com/rebukemusic/era-029-modea-studio-mix-ireland,,,,11
609,2022-10,2022-10-15,ERA,ERA 028 - Rebūke Live From Dirtybird Festival,Rebūke,https://soundcloud.com/rebukemusic/era-028-rebuke-live-from-dirtybird-festival,,,,0
610,2022-10,2022-10-07,ERA,ERA 027 - Tiger Stripes Studio Mix,Rebūke,https://soundcloud.com/rebukemusic/era-027-tiger-stripes-studio-mix,,,,16
611,2022-10,2022-10-03,ERA,"ERA 026 - Rebūke Live From Shangri - La, Wales",Rebūke,https://soundcloud.com/rebukemusic/era-026-rebuke-live-from-shangri-la-wales,,,,11
603,2022-11,2022-11-25,ERA,ERA 034 - Rebūke Live From EDC Orlando,Rebūke,https://soundcloud.com/rebukemusic/era-034-rebuke-live-from-edc-orlando,,,,13
604,2022-11,2022-11-17,ERA,ERA 033 - Rebūke Ravers Club Special,Rebūke,https://soundcloud.com/rebukemusic/era-033-rebuke-ravers-club-special,,,,10
605,2022-11,2022-11-10,ERA,"ERA 032 - Rebūke Live From Sound, Los Angeles",Rebūke,https://soundcloud.com/rebukemusic/era-032-rebuke-live-from-sound-los-angeles,,,,15
606,2022-11,2022-11-03,ERA,"ERA 031 - Nasser Baker Studio Mix, New Jersey",Rebūke,https://soundcloud.com/rebukemusic/era-031-nasser-baker-studio-mix-new-jersey,,,,14
599,2022-12,2022-12-24,ERA,ERA 038 - Jay Lumen Studio Mix,Rebūke,https://soundcloud.com/rebukemusic/era-038-jay-lumen-studio-mix,,,,0
600,2022-12,2022-12-17,ERA,"ERA 037 - Rebūke Live From The Warehouse Project, Manchester",Rebūke,https://soundcloud.com/rebukemusic/era-037-rebuke-live-from-the-warehouse-project-manchester,,,,0
601,2022-12,2022-12-09,ERA,ERA 036 - VNSSA Studio Mix,Rebūke,https://soundcloud.com/rebukemusic/era-036-vnssa-studio-mix,,,,15
602,2022-12,2022-12-02,ERA,ERA 035 - Rebūke Studio Mix,Rebūke,https://soundcloud.com/rebukemusic/era-035-rebuke-studio-mix,,,,11
594,2023-01,2023-01-25,ERA,"ERA 043 - Steve Darko Studio Mix, Boston",Rebūke,https://soundcloud.com/rebukemusic/era-043-steve-darko-studio-mix-boston,,,,14
595,2023-01,2023-01-20,ERA,ERA 042 - Rebūke Studio Mix,Rebūke,https://soundcloud.com/rebukemusic/era-042-rebuke-studio-mix,,,,11
596,2023-01,2023-01-12,ERA,ERA 041 - Rebūke Studio Mix,Rebūke,https://soundcloud.com/rebukemusic/era-041-rebuke-studio-mix,,,,11
597,2023-01,2023-01-07,ERA,"ERA 040 - Rebūke Live From The Telegraph Building NYE, Belfast",Rebūke,https://soundcloud.com/rebukemusic/era-040-rebuke-live-from-the-telegraph-building-nye-belfast,,,,0
598,2023-01,2023-01-02,ERA,ERA 039 - Rebūke Year Mix 2022,Rebūke,https://soundcloud.com/rebukemusic/era-039-rebuke-year-mix-2022,,,,0
590,2023-02,2023-02-24,ERA,"ERA 047 - Alan Fitzpatrick Live From Fabric, London NYE",Rebūke,https://soundcloud.com/rebukemusic/era-047-alan-fitzpatrick-live-from-fabric-london-nye,,,,0
591,2023-02,2023-02-17,ERA,ERA 046 - Rebūke Studio Mix,Rebūke,https://soundcloud.com/rebukemusic/era-046-rebuke-studio-mix,,,,11
592,2023-02,2023-02-10,ERA,"ERA 045 - Rebūke Live From One Carnival Place, Medellin",Rebūke,https://soundcloud.com/rebukemusic/era-045-rebuke-live-from-one-carnival-place-medellin,,,,0
593,2023-02,2023-02-02,ERA,ERA 044 - Rebūke Studio Mix,Rebūke,https://soundcloud.com/rebukemusic/era-044-rebuke-studio-mix,,,,11
585,2023-03,2023-03-31,ERA,ERA 052 - Edetto Studio Mix,Rebūke,https://soundcloud.com/rebukemusic/era-052-edetto-studio-mix,,,,30
586,2023-03,2023-03-27,ERA,"ERA 051 - Rebūke Live From Index, Dublin",Rebūke,https://soundcloud.com/rebukemusic/era-051-rebuke-live-from-indexdublin,,,,0
587,2023-03,2023-03-20,ERA,ERA 050 - Rebūke Studio Mix,Rebūke,https://soundcloud.com/rebukemusic/era-050-rebuke-studio-mix,,,,11
588,2023-03,2023-03-14,ERA,ERA 049 - Rebūke Studio Mix,Rebūke,https://soundcloud.com/rebukemusic/era-049-rebuke-studio-mix,,,,0
589,2023-03,2023-03-03,ERA,ERA 048 - Rebūke Studio Mix,Rebūke,https://soundcloud.com/rebukemusic/era-048-rebuke-studio-mix,,,,11
581,2023-04,2023-04-29,ERA,ERA 056 - Rebūke Studio Mix,Rebūke,https://soundcloud.com/rebukemusic/era-056-rebuke-studio-mix,,,,11
582,2023-04,2023-04-24,ERA,"ERA 055 - Rebūke Live From Input, Barcelona",Rebūke,https://soundcloud.com/rebukemusic/era-055-rebuke-live-from-input-barcelona,,,,0
583,2023-04,2023-04-14,ERA,ERA 054 - Rebūke Studio Mix,Rebūke,https://soundcloud.com/rebukemusic/era-054-rebuke-studio-mix,,,,11
584,2023-04,2023-04-10,ERA,"ERA 053 - Rebūke Live From LAB TheCLUB, Madrid",Rebūke,https://soundcloud.com/rebukemusic/era-053-rebuke-live-from-lab-theclub-madrid,,,,0
577,2023-05,2023-05-25,ERA,ERA 060 - Rebūke Studio Mix,Rebūke,https://soundcloud.com/rebukemusic/era-060-rebuke-studio-mix,,,,11
578,2023-05,2023-05-19,ERA,ERA 059 - Michael Klein Studio Mix,Rebūke,https://soundcloud.com/rebukemusic/era-059-michael-klein-studio-mix,,,,0
579,2023-05,2023-05-12,ERA,ERA 058 - Rebūke Studio Mix,Rebūke,https://soundcloud.com/rebukemusic/era-058-rebuke-studio-mix,,,,11
580,2023-05,2023-05-05,ERA,ERA 057 -  Rebūke Studio Mix,Rebūke,https://soundcloud.com/rebukemusic/era-057-rebuke-studio-mix,,,,11
573,2023-06,2023-06-26,ERA,ERA 064 - Cristoph Studio Mix,Rebūke,https://soundcloud.com/rebukemusic/era-064-cristoph-studio-mix,,,,11
574,2023-06,2023-06-16,ERA,ERA 063 - Rebūke Studio Mix,Rebūke,https://soundcloud.com/rebukemusic/era-063-rebuke-studio-mix,,,,10
575,2023-06,2023-06-12,ERA,ERA 062 - Fred Lenix Studio Mix,Rebūke,https://soundcloud.com/rebukemusic/era-062-fred-lenix-studio-mix,,,,12
576,2023-06,2023-06-05,ERA,ERA 061 - Rebūke Live From Movement Festival Detroit,Rebūke,https://soundcloud.com/rebukemusic/era-061-rebuke-live-from-movement-festival-detroit,,,,0
568,2023-07,2023-07-28,ERA,ERA 069 - Rebūke Studio Mix,Rebūke,https://soundcloud.com/rebukemusic/era-069-rebuke-studio-mix,,,,10
569,2023-07,2023-07-21,ERA,"ERA 068 - Rebūke Live From Parkorman, Istanbul",Rebūke,https://soundcloud.com/rebukemusic/era-068-rebuke-live-from-parkorman-istanbul,,,,0
570,2023-07,2023-07-14,ERA,ERA 067 - Rebūke Studio Mix,Rebūke,https://soundcloud.com/rebukemusic/era-067-rebuke-studio-mix,,,,10
571,2023-07,2023-07-07,ERA,ERA 066 - VNTM Studio Mix,Rebūke,https://soundcloud.com/rebukemusic/era-066-vntm-studio-mix,,,,0
572,2023-07,2023-07-03,ERA,ERA 065 - Rebūke Studio Mix,Rebūke,https://soundcloud.com/rebukemusic/era-065-rebuke-studio-mix,,,,11
564,2023-08,2023-08-25,ERA,ERA 073 - Rebūke Studio Mix,Rebūke,https://soundcloud.com/rebukemusic/era-073-rebuke-studio-mix,,,,11
565,2023-08,2023-08-18,ERA,ERA 072 - Rebūke Studio Mix,Rebūke,https://soundcloud.com/rebukemusic/era-072-rebuke-studio-mix,,,,12
566,2023-08,2023-08-11,ERA,"ERA 071 - Rebūke Live From ERA @ Harbor, Beirut",Rebūke,https://soundcloud.com/rebukemusic/era-071-rebuke-live-from-era-harbor-beirut,,,,13
567,2023-08,2023-08-04,ERA,ERA 070 - Kasia Studio Mix,Rebūke,https://soundcloud.com/rebukemusic/era-070-kasia-studio-mix,,,,13
559,2023-09,2023-09-29,ERA,ERA 078 - Rebūke Studio Mix,Rebūke,https://soundcloud.com/rebukemusic/era-078-rebuke-studio-mix,,,,11
560,2023-09,2023-09-25,ERA,ERA 077 - Rebūke Studio Mix,Rebūke,https://soundcloud.com/rebukemusic/era-077-rebuke-studio-mix,,,,11
561,2023-09,2023-09-15,ERA,"ERA 076 - Rebūke Live From Nordstern @ Basel, Switzerland",Rebūke,https://soundcloud.com/rebukemusic/era-076-rebuke-live-from-nordstern-basel-switzerland,,,,0
562,2023-09,2023-09-11,ERA,ERA 075 - Rebūke Studio Mix,Rebūke,https://soundcloud.com/rebukemusic/era-075-rebuke-studio-mix,,,,11
563,2023-09,2023-09-01,ERA,ERA 074 - Anna Reusch Studio Mix,Rebūke,https://soundcloud.com/rebukemusic/era-074-anna-reusch-studio-mix,,,,10
555,2023-10,2023-10-27,ERA,"ERA 082 - Rebūke Live From The Warehouse Project, Manchester",Rebūke,https://soundcloud.com/rebukemusic/era-082-rebuke-live-from-the-warehouse-project-manchester,,,,0
556,2023-10,2023-10-20,ERA,ERA 081 - Animal Picnic Studio Mix,Rebūke,https://soundcloud.com/rebukemusic/era-081-animal-picnic-studio-mix,,,,0
557,2023-10,2023-10-13,ERA,ERA 080 - Rebūke Studio Mix,Rebūke,https://soundcloud.com/rebukemusic/era-080-rebuke-studio-mix,,,,11
558,2023-10,2023-10-06,ERA,"ERA 079 - Rebūke Live From Soho Palm Gardens, Dubai",Rebūke,https://soundcloud.com/rebukemusic/era-079-rebuke-live-from-soho-palm-gardens-dubai,,,,0
551,2023-11,2023-11-27,ERA,"ERA 086 - Rebūke Live From DGTL Festival, Mumbai",Rebūke,https://soundcloud.com/rebukemusic/era-086-rebuke-live-from-dgtl-festival-mumbai,,,,0
552,2023-11,2023-11-17,ERA,ERA 085 - Rebūke Studio Mix,Rebūke,https://soundcloud.com/rebukemusic/era-085-rebuke-studio-mix,,,,11
553,2023-11,2023-11-10,ERA,ERA 084 - Rebūke Studio Mix,Rebūke,https://soundcloud.com/rebukemusic/era-084-rebuke-studio-mix,,,,11
554,2023-11,2023-11-03,ERA,ERA 083 - Rebūke Studio Mix,Rebūke,https://soundcloud.com/rebukemusic/era-083-rebuke-studio-mix,,,,0
547,2023-12,2023-12-22,ERA,ERA 090 - Rebūke Christmas Special,Rebūke,https://soundcloud.com/rebukemusic/era-090-era-christmas-special,,,,13
548,2023-12,2023-12-15,ERA,ERA 089 - Rebūke Studio Mix,Rebūke,https://soundcloud.com/rebukemusic/era-089-rebuke-studio-mix,,,,12
549,2023-12,2023-12-08,ERA,ERA 088 - Rebūke Studio Mix,Rebūke,https://soundcloud.com/rebukemusic/era-088-rebuke-studio-mix,,,,12
550,2023-12,2023-12-04,ERA,ERA 087 - Lauren Mia Studio Mix,Rebūke,https://soundcloud.com/rebukemusic/era-087-lauren-mia-studio-mix,,,,16
542,2024-01,2024-01-26,ERA,ERA 095 - AYDEN LOYDE Studio Mix,Rebūke,https://soundcloud.com/rebukemusic/era-095-ayden-loyde-studio-mix,,,,23
543,2024-01,2024-01-22,ERA,ERA 094 - Rebūke Studio Mix,Rebūke,https://soundcloud.com/rebukemusic/era-094-rebuke-studio-mix,,,,12
544,2024-01,2024-01-12,ERA,ERA 093 - Rebūke Studio Mix,Rebūke,https://soundcloud.com/rebukemusic/era-093-rebuke-studio-mix,,,,12
545,2024-01,2024-01-08,ERA,ERA 092 - Rebūke Studio Mix,Rebūke,https://soundcloud.com/rebukemusic/era-092-rebuke-studio-mix,,,,12
546,2024-01,2024-01-01,ERA,ERA 091 - Rebūke Studio Mix,Rebūke,https://soundcloud.com/rebukemusic/era-091-rebuke-studio-mix,,,,12
538,2024-02,2024-02-23,ERA,ERA 099 - Rebūke Studio Mix,Rebūke,https://soundcloud.com/rebukemusic/era-099-rebuke-studio-mix,,https://i1.sndcdn.com/artworks-O5Xzyq6OaCQyloaT-MTAkMg-t500x500.jpg,"<iframe width=""100%"" height=""400"" scrolling=""no"" frameborder=""no"" src=""https://w.soundcloud.com/player/?visual=true&url=https%3A%2F%2Fapi.soundcloud.com%2Ftracks%2F1756120863&show_artwork=true""></iframe>",12
539,2024-02,2024-02-16,ERA,ERA 098 - Rebūke Studio Mix,Rebūke,https://soundcloud.com/rebukemusic/era-098-rebuke-studio-mix,,https://i1.sndcdn.com/artworks-PzOnD6agyKhqLKMh-8zKZ4g-t500x500.jpg,"<iframe width=""100%"" height=""400"" scrolling=""no"" frameborder=""no"" src=""https://w.soundcloud.com/player/?visual=true&url=https%3A%2F%2Fapi.soundcloud.com%2Ftracks%2F1748855322&show_artwork=true""></iframe>",12
540,2024-02,2024-02-09,ERA,ERA 097 - Rebūke Studio Mix,Rebūke,https://soundcloud.com/rebukemusic/era-097-rebuke-studio-mix,,https://i1.sndcdn.com/artworks-FiYYvX905itsJNiU-pcRJEg-t500x500.jpg,"<iframe width=""100%"" height=""400"" scrolling=""no"" frameborder=""no"" src=""https://w.soundcloud.com/player/?visual=true&url=https%3A%2F%2Fapi.soundcloud.com%2Ftracks%2F1742165223&show_artwork=true""></iframe>",12
541,2024-02,2024-02-05,ERA,ERA 096 - Rebūke Studio Mix,Rebūke,https://soundcloud.com/rebukemusic/era-096-rebuke-studio-mix,,https://i1.sndcdn.com/artworks-P0gysDrWZ0bD4WEU-Q9TUAw-t500x500.jpg,"<iframe width=""100%"" height=""400"" scrolling=""no"" frameborder=""no"" src=""https://w.soundcloud.com/player/?visual=true&url=https%3A%2F%2Fapi.soundcloud.com%2Ftracks%2F1738077702&show_artwork=true""></iframe>",12
533,2024-03,2024-03-30,ERA,ERA 104 - Rebūke Studio Mix,Rebūke,https://soundcloud.com/rebukemusic/era-104-rebuke-studio-mix,,https://i1.sndcdn.com/artworks-oxdPkbsVy0yZfXVd-yMzEaQ-t500x500.jpg,"<iframe width=""100%"" height=""400"" scrolling=""no"" frameborder=""no"" src=""https://w.soundcloud.com/player/?visual=true&url=https%3A%2F%2Fapi.soundcloud.com%2Ftracks%2F1788209089&show_artwork=true""></iframe>",11
534,2024-03,2024-03-23,ERA,ERA 103 - Rebūke Studio Mix,Rebūke,https://soundcloud.com/rebukemusic/era-103-rebuke-studio-mix,,https://i1.sndcdn.com/artworks-Py2jUdFBDKMIHoMn-aGPlMg-t500x500.jpg,"<iframe width=""100%"" height=""400"" scrolling=""no"" frameborder=""no"" src=""https://w.soundcloud.com/player/?visual=true&url=https%3A%2F%2Fapi.soundcloud.com%2Ftracks%2F1782589275&show_artwork=true""></iframe>",12
535,2024-03,2024-03-15,ERA,"ERA 102 - Rebūke Live From Drumsheds, London",Rebūke,https://soundcloud.com/rebukemusic/era-102-rebuke-live-from-drumsheds-london,"https://www.mixesdb.com/w/2024-03-09_-_Reb%C5%ABke_@_Drumcode_London,_Drumsheds,_London_(ERA_102)",https://i1.sndcdn.com/artworks-0bdlZ472N3RBnvWP-mPnXbw-t500x500.jpg,"<iframe width=""100%"" height=""400"" scrolling=""no"" frameborder=""no"" src=""https://w.soundcloud.com/player/?visual=true&url=https%3A%2F%2Fapi.soundcloud.com%2Ftracks%2F1775200995&show_artwork=true""></iframe>",0
536,2024-03,2024-03-08,ERA,ERA 101 - Rebūke Studio Mix,Rebūke,https://soundcloud.com/rebukemusic/era-101-rebuke-studio-mix,,https://i1.sndcdn.com/artworks-63FlT1EBbSUn23hQ-gfi76A-t500x500.jpg,"<iframe width=""100%"" height=""400"" scrolling=""no"" frameborder=""no"" src=""https://w.soundcloud.com/player/?visual=true&url=https%3A%2F%2Fapi.soundcloud.com%2Ftracks%2F1769063487&show_artwork=true""></iframe>",11
537,2024-03,2024-03-04,ERA,ERA 100 - 100th Episode Special,Rebūke,https://soundcloud.com/rebukemusic/era-100-100th-episode-special,,https://i1.sndcdn.com/artworks-yjJbtAxzHJvsM4Ib-lOqOIg-t500x500.jpg,"<iframe width=""100%"" height=""400"" scrolling=""no"" frameborder=""no"" src=""https://w.soundcloud.com/player/?visual=true&url=https%3A%2F%2Fapi.soundcloud.com%2Ftracks%2F1764472119&show_artwork=true""></iframe>",10
529,2024-04,2024-04-26,ERA,"ERA 108 - Rebūke Live From It'll Do, Dallas",Rebūke,https://soundcloud.com/rebukemusic/era-108-rebuke-live-from-itll-do-dallas,"https://www.mixesdb.com/w/2024-04-19_-_Reb%C5%ABke_@_It%27ll_Do,_Dallas_(ERA_108)",https://i1.sndcdn.com/artworks-KfklT4xuGLEhMcDw-8mAZ1g-t500x500.jpg,"<iframe width=""100%"" height=""400"" scrolling=""no"" frameborder=""no"" src=""https://w.soundcloud.com/player/?visual=true&url=https%3A%2F%2Fapi.soundcloud.com%2Ftracks%2F1808495451&show_artwork=true""></iframe>",0
530,2024-04,2024-04-19,ERA,ERA 107 - Rebūke Studio Mix,Rebūke,https://soundcloud.com/rebukemusic/era-107-rebuke-studio-mix,,https://i1.sndcdn.com/artworks-0ytAz8vyAXlIgvql-pVMAQQ-t500x500.jpg,"<iframe width=""100%"" height=""400"" scrolling=""no"" frameborder=""no"" src=""https://w.soundcloud.com/player/?visual=true&url=https%3A%2F%2Fapi.soundcloud.com%2Ftracks%2F1803574959&show_artwork=true""></iframe>",0
531,2024-04,2024-04-12,ERA,ERA 106 - Rebūke Studio Mix,Rebūke,https://soundcloud.com/rebukemusic/era-106-rebuke-studio-mix,,https://i1.sndcdn.com/artworks-zPXSpArCISz0bpCY-X54JIw-t500x500.jpg,"<iframe width=""100%"" height=""400"" scrolling=""no"" frameborder=""no"" src=""https://w.soundcloud.com/player/?visual=true&url=https%3A%2F%2Fapi.soundcloud.com%2Ftracks%2F1799247526&show_artwork=true""></iframe>",0
532,2024-04,2024-04-05,ERA,ERA 105 - Rebūke Studio Mix,Rebūke,https://soundcloud.com/rebukemusic/era-105-rebuke-studio-mix,,https://i1.sndcdn.com/artworks-pP9XduNFYWXTfQO0-ivLZAw-t500x500.jpg,"<iframe width=""100%"" height=""400"" scrolling=""no"" frameborder=""no"" src=""https://w.soundcloud.com/player/?visual=true&url=https%3A%2F%2Fapi.soundcloud.com%2Ftracks%2F1793770987&show_artwork=true""></iframe>",0
524,2024-05,2024-05-31,ERA,ERA 113 - Volaris Studio Mix,Rebūke,https://soundcloud.com/rebukemusic/era-113-volaris-studio-mix,,https://i1.sndcdn.com/artworks-y7QvHl30WTXyElZq-CLT90Q-t500x500.jpg,"<iframe width=""100%"" height=""400"" scrolling=""no"" frameborder=""no"" src=""https://w.soundcloud.com/player/?visual=true&url=https%3A%2F%2Fapi.soundcloud.com%2Ftracks%2F1834243773&show_artwork=true""></iframe>",0
525,2024-05,2024-05-27,ERA,ERA 112 - Rebūke Studio Mix,Rebūke,https://soundcloud.com/rebukemusic/era-112-rebuke-studio-mix,,https://i1.sndcdn.com/artworks-LnTbLZHwrA8A67KI-T6bjgQ-t500x500.jpg,"<iframe width=""100%"" height=""400"" scrolling=""no"" frameborder=""no"" src=""https://w.soundcloud.com/player/?visual=true&url=https%3A%2F%2Fapi.soundcloud.com%2Ftracks%2F1830935967&show_artwork=true""></iframe>",0
526,2024-05,2024-05-19,ERA,ERA 111 - Rebūke Studio Mix,Rebūke,https://soundcloud.com/rebukemusic/era-111-rebuke-studio-mix,,https://i1.sndcdn.com/artworks-RHASkGOqjr5YodOn-FmiJkA-t500x500.jpg,"<iframe width=""100%"" height=""400"" scrolling=""no"" frameborder=""no"" src=""https://w.soundcloud.com/player/?visual=true&url=https%3A%2F%2Fapi.soundcloud.com%2Ftracks%2F1825412025&show_artwork=true""></iframe>",0
527,2024-05,2024-05-10,ERA,ERA 110 - Rebūke Studio Mix,Rebūke,https://soundcloud.com/rebukemusic/era-110-rebuke-studio-mix,,https://i1.sndcdn.com/artworks-QIdrH3b9Xz1VnqFa-jMIOAw-t500x500.jpg,"<iframe width=""100%"" height=""400"" scrolling=""no"" frameborder=""no"" src=""https://w.soundcloud.com/player/?visual=true&url=https%3A%2F%2Fapi.soundcloud.com%2Ftracks%2F1818812208&show_artwork=true""></iframe>",0
528,2024-05,2024-05-03,ERA,"ERA 109 - Rebūke Live From Klein Phoenix, Istanbul",Rebūke,https://soundcloud.com/rebukemusic/era-109-rebuke-live-from-klein-phoenix-istanbul,"https://www.mixesdb.com/w/2024-04-26_-_Reb%C5%ABke_@_Klein_Phoenix,_Istanbul_(ERA_109)",https://i1.sndcdn.com/artworks-lL2QIxja3LiOBTSk-oP0OMA-t500x500.jpg,"<iframe width=""100%"" height=""400"" scrolling=""no"" frameborder=""no"" src=""https://w.soundcloud.com/player/?visual=true&url=https%3A%2F%2Fapi.soundcloud.com%2Ftracks%2F1813118559&show_artwork=true""></iframe>",0
520,2024-06,2024-06-28,ERA,ERA 117 - Rebūke Studio Mix,Rebūke,https://soundcloud.com/rebukemusic/era-117-rebuke-studio-mix,,https://i1.sndcdn.com/artworks-tquzhfPeEk8ctUGM-9ZTWGw-t500x500.jpg,"<iframe width=""100%"" height=""400"" scrolling=""no"" frameborder=""no"" src=""https://w.soundcloud.com/player/?visual=true&url=https%3A%2F%2Fapi.soundcloud.com%2Ftracks%2F1858338471&show_artwork=true""></iframe>",0
521,2024-06,2024-06-21,ERA,ERA 116 - Rebūke Studio Mix,Rebūke,https://soundcloud.com/rebukemusic/era-116-rebuke-studio-mix,,https://i1.sndcdn.com/artworks-3yCtjLRS9HRCpJpZ-eANUYw-t500x500.jpg,"<iframe width=""100%"" height=""400"" scrolling=""no"" frameborder=""no"" src=""https://w.soundcloud.com/player/?visual=true&url=https%3A%2F%2Fapi.soundcloud.com%2Ftracks%2F1853713977&show_artwork=true""></iframe>",0
522,2024-06,2024-06-14,ERA,ERA 115 - Rebūke Studio Mix,Rebūke,https://soundcloud.com/rebukemusic/era-115-rebuke-studio-mix,,https://i1.sndcdn.com/artworks-U7ZuZf9c0wXprylA-PEFKVQ-t500x500.jpg,"<iframe width=""100%"" height=""400"" scrolling=""no"" frameborder=""no"" src=""https://w.soundcloud.com/player/?visual=true&url=https%3A%2F%2Fapi.soundcloud.com%2Ftracks%2F1847233044&show_artwork=true""></iframe>",11
523,2024-06,2024-06-10,ERA,"ERA 114 - Rebūke Live From Cage Club, Cyprus",Rebūke,https://soundcloud.com/rebukemusic/era-114-rebuke-live-from-cage-club-cyprus,,https://i1.sndcdn.com/artworks-BND56GXaPce2eXbP-Z35hEQ-t500x500.jpg,"<iframe width=""100%"" height=""400"" scrolling=""no"" frameborder=""no"" src=""https://w.soundcloud.com/player/?visual=true&url=https%3A%2F%2Fapi.soundcloud.com%2Ftracks%2F1843401789&show_artwork=true""></iframe>",0
516,2024-07,2024-07-26,ERA,ERA 121 - Rebūke Studio Mix,Rebūke,https://soundcloud.com/rebukemusic/era-121-rebuke-studio-mix,,https://i1.sndcdn.com/artworks-I2ghFu7KGLiSJv9t-7hALVg-t500x500.jpg,"<iframe width=""100%"" height=""400"" scrolling=""no"" frameborder=""no"" src=""https://w.soundcloud.com/player/?visual=true&url=https%3A%2F%2Fapi.soundcloud.com%2Ftracks%2F1881434430&show_artwork=true""></iframe>",0
517,2024-07,2024-07-19,ERA,ERA 120 - Rebūke Studio Mix,Rebūke,https://soundcloud.com/rebukemusic/era-120-rebuke-studio-mix,,https://i1.sndcdn.com/artworks-jVCiAghaZf5XYekI-PRj09Q-t500x500.jpg,"<iframe width=""100%"" height=""400"" scrolling=""no"" frameborder=""no"" src=""https://w.soundcloud.com/player/?visual=true&url=https%3A%2F%2Fapi.soundcloud.com%2Ftracks%2F1875738090&show_artwork=true""></iframe>",0
518,2024-07,2024-07-12,ERA,"ERA 119 - Rebūke b2b Chris Avantgarde Live From Parc Del Forum, Barcelona",Rebūke,https://soundcloud.com/rebukemusic/era-119-rebuke-b2b-chris-avantgarde-live-from-parc-del-forum-barcelona,,https://i1.sndcdn.com/artworks-wrIxwkqCzeeGyZVg-bzllXg-t500x500.jpg,"<iframe width=""100%"" height=""400"" scrolling=""no"" frameborder=""no"" src=""https://w.soundcloud.com/player/?visual=true&url=https%3A%2F%2Fapi.soundcloud.com%2Ftracks%2F1869924933&show_artwork=true""></iframe>",0
519,2024-07,2024-07-08,ERA,ERA 118 - Rebūke Studio Mix,Rebūke,https://soundcloud.com/rebukemusic/era-118-rebuke-studio-mix,,https://i1.sndcdn.com/artworks-HwQeyezqjHKtd5eS-yYc8RA-t500x500.jpg,"<iframe width=""100%"" height=""400"" scrolling=""no"" frameborder=""no"" src=""https://w.soundcloud.com/player/?visual=true&url=https%3A%2F%2Fapi.soundcloud.com%2Ftracks%2F1865846478&show_artwork=true""></iframe>",0
511,2024-08,2024-08-30,ERA,ERA 126 - Rebūke Studio Mix,Rebūke,https://soundcloud.com/rebukemusic/era-126-rebuke-studio-mix,,https://i1.sndcdn.com/artworks-z72skBi8J4yjR7i8-LKrXKw-t500x500.jpg,"<iframe width=""100%"" height=""400"" scrolling=""no"" frameborder=""no"" src=""https://w.soundcloud.com/player/?visual=true&url=https%3A%2F%2Fapi.soundcloud.com%2Ftracks%2F1906754372&show_artwork=true""></iframe>",0
512,2024-08,2024-08-26,ERA,ERA 125 - Rebūke Studio Mix,Rebūke,https://soundcloud.com/rebukemusic/era-125-rebuke-studio-mix,,https://i1.sndcdn.com/artworks-Bz1kizUej25WMOyI-wdwxsg-t500x500.jpg,"<iframe width=""100%"" height=""400"" scrolling=""no"" frameborder=""no"" src=""https://w.soundcloud.com/player/?visual=true&url=https%3A%2F%2Fapi.soundcloud.com%2Ftracks%2F1904235137&show_artwork=true""></iframe>",0
513,2024-08,2024-08-16,ERA,"ERA 124 - Rebūke Live From Sziget Festival, Hungary",Rebūke,https://soundcloud.com/rebukemusic/era-124-rebuke-live-from-sziget-festival-hungary,,https://i1.sndcdn.com/artworks-adOy5CF7KheJsMUJ-vZttaQ-t500x500.jpg,"<iframe width=""100%"" height=""400"" scrolling=""no"" frameborder=""no"" src=""https://w.soundcloud.com/player/?visual=true&url=https%3A%2F%2Fapi.soundcloud.com%2Ftracks%2F1898458815&show_artwork=true""></iframe>",0
514,2024-08,2024-08-09,ERA,ERA 123 - Rebūke Studio Mix,Rebūke,https://soundcloud.com/rebukemusic/era-123-rebuke-studio-mix,,https://i1.sndcdn.com/artworks-fJcaJSXuk0UcedGh-F4D2Rw-t500x500.jpg,"<iframe width=""100%"" height=""400"" scrolling=""no"" frameborder=""no"" src=""https://w.soundcloud.com/player/?visual=true&url=https%3A%2F%2Fapi.soundcloud.com%2Ftracks%2F1892879199&show_artwork=true""></iframe>",0
515,2024-08,2024-08-02,ERA,ERA 122 - Rebūke Studio Mix,Rebūke,https://soundcloud.com/rebukemusic/era-122-rebuke-studio-mix,,https://i1.sndcdn.com/artworks-PUtl4o01981aWrmd-oNJ4Kw-t500x500.jpg,"<iframe width=""100%"" height=""400"" scrolling=""no"" frameborder=""no"" src=""https://w.soundcloud.com/player/?visual=true&url=https%3A%2F%2Fapi.soundcloud.com%2Ftracks%2F1887292734&show_artwork=true""></iframe>",0
507,2024-09,2024-09-27,ERA,ERA 130 - Rebūke Studio Mix,Rebūke,https://soundcloud.com/rebukemusic/era-130-rebuke-studio-mix,,https://i1.sndcdn.com/artworks-b9OLcKnH3zfVYZbz-TuZfDw-t500x500.jpg,"<iframe width=""100%"" height=""400"" scrolling=""no"" frameborder=""no"" src=""https://w.soundcloud.com/player/?visual=true&url=https%3A%2F%2Fapi.soundcloud.com%2Ftracks%2F1924706051&show_artwork=true""></iframe>",0
508,2024-09,2024-09-20,ERA,ERA 129 - Rebūke Studio Mix,Rebūke,https://soundcloud.com/rebukemusic/era-129-rebuke-studio-mix,,https://i1.sndcdn.com/artworks-6sIzVQ5Y3DdoQgy6-aDYWuA-t500x500.jpg,"<iframe width=""100%"" height=""400"" scrolling=""no"" frameborder=""no"" src=""https://w.soundcloud.com/player/?visual=true&url=https%3A%2F%2Fapi.soundcloud.com%2Ftracks%2F1920129002&show_artwork=true""></iframe>",0
509,2024-09,2024-09-16,ERA,ERA 128 - Rebūke Studio Mix,Rebūke,https://soundcloud.com/rebukemusic/era-128-rebuke-studio-mix,,https://i1.sndcdn.com/artworks-nsD8rA8ZGvBxQTOO-Dva8yw-t500x500.jpg,"<iframe width=""100%"" height=""400"" scrolling=""no"" frameborder=""no"" src=""https://w.soundcloud.com/player/?visual=true&url=https%3A%2F%2Fapi.soundcloud.com%2Ftracks%2F1917321413&show_artwork=true""></iframe>",0
510,2024-09,2024-09-06,ERA,ERA 127 - Rebūke Studio Mix,Rebūke,https://soundcloud.com/rebukemusic/era-127-rebuke-studio-mix,,https://i1.sndcdn.com/artworks-OkFqw25UIIWMbqiJ-5br3Zg-t500x500.jpg,"<iframe width=""100%"" height=""400"" scrolling=""no"" frameborder=""no"" src=""https://w.soundcloud.com/player/?visual=true&url=https%3A%2F%2Fapi.soundcloud.com%2Ftracks%2F1911330476&show_artwork=true""></iframe>",0
503,2024-10,2024-10-25,ERA,ERA 134 - Rebūke Studio Mix,Rebūke,https://soundcloud.com/rebukemusic/era-134-rebuke-studio-mix,,https://i1.sndcdn.com/artworks-BWiJSE5cC8kwfse9-HxymeQ-t500x500.jpg,"<iframe width=""100%"" height=""400"" scrolling=""no"" frameborder=""no"" src=""https://w.soundcloud.com/player/?visual=true&url=https%3A%2F%2Fapi.soundcloud.com%2Ftracks%2F1941616439&show_artwork=true""></iframe>",0
504,2024-10,2024-10-18,ERA,"ERA 133 - Rebūke Live From Coda, Toronto",Rebūke,https://soundcloud.com/rebukemusic/era-133-rebuke-live-from-coda-toronto,,https://i1.sndcdn.com/artworks-EzxdvBqRme3QDfC3-joWctg-t500x500.jpg,"<iframe width=""100%"" height=""400"" scrolling=""no"" frameborder=""no"" src=""https://w.soundcloud.com/player/?visual=true&url=https%3A%2F%2Fapi.soundcloud.com%2Ftracks%2F1937086706&show_artwork=true""></iframe>",0
505,2024-10,2024-10-11,ERA,ERA 132 - Rebūke Studio Mix,Rebūke,https://soundcloud.com/rebukemusic/era-132-rebuke-studio-mix,,https://i1.sndcdn.com/artworks-ln1uDVSPa4C0xoUO-JvJsrg-t500x500.jpg,"<iframe width=""100%"" height=""400"" scrolling=""no"" frameborder=""no"" src=""https://w.soundcloud.com/player/?visual=true&url=https%3A%2F%2Fapi.soundcloud.com%2Ftracks%2F1933077224&show_artwork=true""></iframe>",0
506,2024-10,2024-10-04,ERA,ERA 131 - Rebūke Studio Mix,Rebūke,https://soundcloud.com/rebukemusic/era-131-rebuke-studio-mix,,https://i1.sndcdn.com/artworks-c4ITwXJ0Rt3LSeIi-viYzQg-t500x500.jpg,"<iframe width=""100%"" height=""400"" scrolling=""no"" frameborder=""no"" src=""https://w.soundcloud.com/player/?visual=true&url=https%3A%2F%2Fapi.soundcloud.com%2Ftracks%2F1928587676&show_artwork=true""></iframe>",0
498,2024-11,2024-11-29,ERA,ERA 139 - Rebūke Studio Mix,Rebūke,https://soundcloud.com/rebukemusic/era-139-reb-ke-studio-mix,,https://i1.sndcdn.com/artworks-Mz3dIeJuuLKq7IiQ-X2JFMQ-t500x500.jpg,"<iframe width=""100%"" height=""400"" scrolling=""no"" frameborder=""no"" src=""https://w.soundcloud.com/player/?visual=true&url=https%3A%2F%2Fapi.soundcloud.com%2Ftracks%2F1969647167&show_artwork=true""></iframe>",0
499,2024-11,2024-11-22,ERA,ERA 138 - Rebūke Studio Mix,Rebūke,https://soundcloud.com/rebukemusic/era-138-reb-ke-studio-mix,,https://i1.sndcdn.com/artworks-nAx6S6yQWRqOk8yt-rSEhrA-t500x500.jpg,"<iframe width=""100%"" height=""400"" scrolling=""no"" frameborder=""no"" src=""https://w.soundcloud.com/player/?visual=true&url=https%3A%2F%2Fapi.soundcloud.com%2Ftracks%2F1964423115&show_artwork=true""></iframe>",0
500,2024-11,2024-11-15,ERA,ERA 137 - Rebūke Studio Mix,Rebūke,https://soundcloud.com/rebukemusic/era-137-reb-ke-studio-mix,,https://i1.sndcdn.com/artworks-vM9Mw1cwbUkruz3e-2HZVhQ-t500x500.jpg,"<iframe width=""100%"" height=""400"" scrolling=""no"" frameborder=""no"" src=""https://w.soundcloud.com/player/?visual=true&url=https%3A%2F%2Fapi.soundcloud.com%2Ftracks%2F1958837091&show_artwork=true""></iframe>",0
501,2024-11,2024-11-08,ERA,ERA 136 - Rebūke Studio Mix,Rebūke,https://soundcloud.com/rebukemusic/era-136-reb-ke-studio-mix,,https://i1.sndcdn.com/artworks-crzh7wna8ZWGSzig-GwGIWA-t500x500.jpg,"<iframe width=""100%"" height=""400"" scrolling=""no"" frameborder=""no"" src=""https://w.soundcloud.com/player/?visual=true&url=https%3A%2F%2Fapi.soundcloud.com%2Ftracks%2F1953116771&show_artwork=true""></iframe>",0
502,2024-11,2024-11-01,ERA,ERA 135 - Rebūke Studio Mix,Rebūke,https://soundcloud.com/rebukemusic/era-135-rebuke-studio-mix,,https://i1.sndcdn.com/artworks-DaZkF673aOjAnQfL-XELA0g-t500x500.jpg,"<iframe width=""100%"" height=""400"" scrolling=""no"" frameborder=""no"" src=""https://w.soundcloud.com/player/?visual=true&url=https%3A%2F%2Fapi.soundcloud.com%2Ftracks%2F1947064703&show_artwork=true""></iframe>",12
494,2024-12,2024-12-30,ERA,ERA 143 - ERA Christmas Special,Rebūke,https://soundcloud.com/rebukemusic/era-143-era-christmas-special,,https://i1.sndcdn.com/artworks-icolfMfG6PZpvAKt-y05yfw-t500x500.jpg,"<iframe width=""100%"" height=""400"" scrolling=""no"" frameborder=""no"" src=""https://w.soundcloud.com/player/?visual=true&url=https%3A%2F%2Fapi.soundcloud.com%2Ftracks%2F1997169255&show_artwork=true""></iframe>",0
495,2024-12,2024-12-20,ERA,ERA 142 - Rebūke Studio Mix,Rebūke,https://soundcloud.com/rebukemusic/era-142-reb-ke-studio-mix,,https://i1.sndcdn.com/artworks-Hoi6luvaHP8pMxLk-YJvbGQ-t500x500.jpg,"<iframe width=""100%"" height=""400"" scrolling=""no"" frameborder=""no"" src=""https://w.soundcloud.com/player/?visual=true&url=https%3A%2F%2Fapi.soundcloud.com%2Ftracks%2F1990444831&show_artwork=true""></iframe>",0
496,2024-12,2024-12-13,ERA,"ERA 141 - Rebūke Live from EXE Club, Sofia",Rebūke,https://soundcloud.com/rebukemusic/era-141-reb-ke-live-from-exe,,https://i1.sndcdn.com/artworks-Z47M8v4M6fiZwUNz-hwh0rw-t500x500.jpg,"<iframe width=""100%"" height=""400"" scrolling=""no"" frameborder=""no"" src=""https://w.soundcloud.com/player/?visual=true&url=https%3A%2F%2Fapi.soundcloud.com%2Ftracks%2F1983002235&show_artwork=true""></iframe>",0
497,2024-12,2024-12-06,ERA,ERA 140 - Rebūke Studio Mix,Rebūke,https://soundcloud.com/rebukemusic/era-140-reb-ke-studio-mix,,https://i1.sndcdn.com/artworks-AryAzA542IhyGRJa-rTQ1GA-t500x500.jpg,"<iframe width=""100%"" height=""400"" scrolling=""no"" frameborder=""no"" src=""https://w.soundcloud.com/player/?visual=true&url=https%3A%2F%2Fapi.soundcloud.com%2Ftracks%2F1975037587&show_artwork=true""></iframe>",0
489,2025-01,2025-01-31,ERA,"ERA 148 - Rebūke Live from Elsewhere, Gold Coast Australia",Rebūke,https://soundcloud.com/rebukemusic/era-148-reb-ke-live-from,,https://i1.sndcdn.com/artworks-OorizjbtzA7NwyjT-9vIOpQ-t500x500.jpg,"<iframe width=""100%"" height=""400"" scrolling=""no"" frameborder=""no"" src=""https://w.soundcloud.com/player/?visual=true&url=https%3A%2F%2Fapi.soundcloud.com%2Ftracks%2F2022541493&show_artwork=true""></iframe>",0
490,2025-01,2025-01-24,ERA,ERA 147 - Rebūke Studio Mix,Rebūke,https://soundcloud.com/rebukemusic/era-147-reb-ke-studio-mix,,https://i1.sndcdn.com/artworks-LSNRzoPiLIlkBlgg-djGqQQ-t500x500.jpg,"<iframe width=""100%"" height=""400"" scrolling=""no"" frameborder=""no"" src=""https://w.soundcloud.com/player/?visual=true&url=https%3A%2F%2Fapi.soundcloud.com%2Ftracks%2F2016996295&show_artwork=true""></iframe>",0
491,2025-01,2025-01-18,ERA,ERA 146 - Rebūke Studio Mix,Rebūke,https://soundcloud.com/rebukemusic/era-146-reb-ke-studio-mix,,https://i1.sndcdn.com/artworks-b8JGiCVUHL9JMylq-OvweUQ-t500x500.jpg,"<iframe width=""100%"" height=""400"" scrolling=""no"" frameborder=""no"" src=""https://w.soundcloud.com/player/?visual=true&url=https%3A%2F%2Fapi.soundcloud.com%2Ftracks%2F2011641927&show_artwork=true""></iframe>",0
492,2025-01,2025-01-10,ERA,ERA 145 - Rebūke Studio Mix,Rebūke,https://soundcloud.com/rebukemusic/era-145-reb-ke-studio-mix,,https://i1.sndcdn.com/artworks-zdhyfMWPUhezqQS4-KZlAIQ-t500x500.jpg,"<iframe width=""100%"" height=""400"" scrolling=""no"" frameborder=""no"" src=""https://w.soundcloud.com/player/?visual=true&url=https%3A%2F%2Fapi.soundcloud.com%2Ftracks%2F2005827851&show_artwork=true""></iframe>",0
493,2025-01,2025-01-03,ERA,ERA 144 - Rebūke Year Mix 2024,Rebūke,https://soundcloud.com/rebukemusic/era-144-reb-ke-year-mix-2024,,https://i1.sndcdn.com/artworks-HwDC3NhOvVkbyelD-r4Uvsg-t500x500.jpg,"<iframe width=""100%"" height=""400"" scrolling=""no"" frameborder=""no"" src=""https://w.soundcloud.com/player/?visual=true&url=https%3A%2F%2Fapi.soundcloud.com%2Ftracks%2F1999973627&show_artwork=true""></iframe>",0
485,2025-02,2025-02-27,ERA,ERA 152 - Linska Studio Mix,Rebūke,https://soundcloud.com/rebukemusic/era-152-linksa-studio-mix,,https://i1.sndcdn.com/artworks-3DxsLCg3zqeyjvxR-Au5yLA-t500x500.jpg,"<iframe width=""100%"" height=""400"" scrolling=""no"" frameborder=""no"" src=""https://w.soundcloud.com/player/?visual=true&url=https%3A%2F%2Fapi.soundcloud.com%2Ftracks%2F2043042853&show_artwork=true""></iframe>",29
486,2025-02,2025-02-24,ERA,ERA 151 - Rebūke Studio Mix,Rebūke,https://soundcloud.com/rebukemusic/era-151-reb-ke-studio-mix,,https://i1.sndcdn.com/artworks-XKJuRriWbmQTyw4y-fyWFVg-t500x500.jpg,"<iframe width=""100%"" height=""400"" scrolling=""no"" frameborder=""no"" src=""https://w.soundcloud.com/player/?visual=true&url=https%3A%2F%2Fapi.soundcloud.com%2Ftracks%2F2040927921&show_artwork=true""></iframe>",12
487,2025-02,2025-02-14,ERA,ERA 150 - Rebūke Studio Mix,Rebūke,https://soundcloud.com/rebukemusic/era-150-reb-ke-studio-mix,,https://i1.sndcdn.com/artworks-rI2WNRYIz3AHvKyP-NOySWg-t500x500.jpg,"<iframe width=""100%"" height=""400"" scrolling=""no"" frameborder=""no"" src=""https://w.soundcloud.com/player/?visual=true&url=https%3A%2F%2Fapi.soundcloud.com%2Ftracks%2F2034286500&show_artwork=true""></iframe>",11
488,2025-02,2025-02-07,ERA,ERA 149 - Rebūke Studio Mix,Rebūke,https://soundcloud.com/rebukemusic/era-149-reb-ke-studio-mix,,https://i1.sndcdn.com/artworks-coagz54fFlg4UruI-NPDSMA-t500x500.jpg,"<iframe width=""100%"" height=""400"" scrolling=""no"" frameborder=""no"" src=""https://w.soundcloud.com/player/?visual=true&url=https%3A%2F%2Fapi.soundcloud.com%2Ftracks%2F2028462332&show_artwork=true""></iframe>",11
481,2025-03,2025-03-28,ERA,ERA 156 - Rebūke Studio Mix,Rebūke,https://soundcloud.com/rebukemusic/era-156-reb-ke-studio-mix,,https://i1.sndcdn.com/artworks-LpOSmCbNhO1eLFtB-yZ00yA-t500x500.jpg,"<iframe width=""100%"" height=""400"" scrolling=""no"" frameborder=""no"" src=""https://w.soundcloud.com/player/?visual=true&url=https%3A%2F%2Fapi.soundcloud.com%2Ftracks%2F2065339356&show_artwork=true""></iframe>",11
482,2025-03,2025-03-21,ERA,ERA 155 - Rebūke Studio Mix,Rebūke,https://soundcloud.com/rebukemusic/era-155-reb-ke-studio-mix,,https://i1.sndcdn.com/artworks-4ECjjBoYuqTy5Mey-yZcPyA-t500x500.jpg,"<iframe width=""100%"" height=""400"" scrolling=""no"" frameborder=""no"" src=""https://w.soundcloud.com/player/?visual=true&url=https%3A%2F%2Fapi.soundcloud.com%2Ftracks%2F2059734700&show_artwork=true""></iframe>",0
483,2025-03,2025-03-16,ERA,ERA 154 - Avis Vox Studio Mix,Rebūke,https://soundcloud.com/rebukemusic/era-154-avis-vox-studio-mix,,https://i1.sndcdn.com/artworks-ZFCKjE4GNen2xWnZ-5wD4fA-t500x500.jpg,"<iframe width=""100%"" height=""400"" scrolling=""no"" frameborder=""no"" src=""https://w.soundcloud.com/player/?visual=true&url=https%3A%2F%2Fapi.soundcloud.com%2Ftracks%2F2055513440&show_artwork=true""></iframe>",0
484,2025-03,2025-03-07,ERA,ERA 153 - Rebūke Studio Mix,Rebūke,https://soundcloud.com/rebukemusic/era-153-reb-ke-studio-mix,,https://i1.sndcdn.com/artworks-DlnzT8xyomKT9Oty-XaR48A-t500x500.jpg,"<iframe width=""100%"" height=""400"" scrolling=""no"" frameborder=""no"" src=""https://w.soundcloud.com/player/?visual=true&url=https%3A%2F%2Fapi.soundcloud.com%2Ftracks%2F2048727316&show_artwork=true""></iframe>",12
477,2025-04,2025-04-25,ERA,ERA 160 - Rauschhaus Studio Mix,Rebūke,https://soundcloud.com/rebukemusic/era-160-rauschhaus-studio-mix,,https://i1.sndcdn.com/artworks-M4nNX8yI1hqQ6AqQ-OUDi4w-t500x500.jpg,"<iframe width=""100%"" height=""400"" scrolling=""no"" frameborder=""no"" src=""https://w.soundcloud.com/player/?visual=true&url=https%3A%2F%2Fapi.soundcloud.com%2Ftracks%2F2084850354&show_artwork=true""></iframe>",12
478,2025-04,2025-04-20,ERA,ERA 159 - Rebūke Studio Mix,Rebūke,https://soundcloud.com/rebukemusic/era-159-reb-ke-studio-mix,,https://i1.sndcdn.com/artworks-GEasPacvZUpETXwy-NxSWvw-t500x500.jpg,"<iframe width=""100%"" height=""400"" scrolling=""no"" frameborder=""no"" src=""https://w.soundcloud.com/player/?visual=true&url=https%3A%2F%2Fapi.soundcloud.com%2Ftracks%2F2082042033&show_artwork=true""></iframe>",11
479,2025-04,2025-04-11,ERA,ERA 158 - Rebūke Studio Mix,Rebūke,https://soundcloud.com/rebukemusic/era-158-reb-ke-studio-mix,,https://i1.sndcdn.com/artworks-DRgKXhd1Gcg4fRPg-G0knRQ-t500x500.jpg,"<iframe width=""100%"" height=""400"" scrolling=""no"" frameborder=""no"" src=""https://w.soundcloud.com/player/?visual=true&url=https%3A%2F%2Fapi.soundcloud.com%2Ftracks%2F2076156776&show_artwork=true""></iframe>",11
480,2025-04,2025-04-05,ERA,ERA 157 - Fred Lenix Studio Mix,Rebūke,https://soundcloud.com/rebukemusic/era-157-fred-lenix-studio-mix,,https://i1.sndcdn.com/artworks-wzplcoqmsgW39ihd-vIWA6A-t500x500.jpg,"<iframe width=""100%"" height=""400"" scrolling=""no"" frameborder=""no"" src=""https://w.soundcloud.com/player/?visual=true&url=https%3A%2F%2Fapi.soundcloud.com%2Ftracks%2F2071456628&show_artwork=true""></iframe>",0
472,2025-05,2025-05-30,ERA,ERA 165 - Rebūke Studio Mix,Rebūke,https://soundcloud.com/rebukemusic/era-165-reb-ke-studio-mix,,https://i1.sndcdn.com/artworks-OgLxszBFrDaUS3BK-qVL6HA-t500x500.jpg,"<iframe width=""100%"" height=""400"" scrolling=""no"" frameborder=""no"" src=""https://w.soundcloud.com/player/?visual=true&url=https%3A%2F%2Fapi.soundcloud.com%2Ftracks%2F2104602969&show_artwork=true""></iframe>",12
473,2025-05,2025-05-26,ERA,"ERA 164 - Rebūke live from Gravity @ Vilnius, Lithuania",Rebūke,https://soundcloud.com/rebukemusic/era-164-reb-ke-live-from,,https://i1.sndcdn.com/artworks-Lz2BVnMRxPZgVdfz-37xMbg-t500x500.jpg,"<iframe width=""100%"" height=""400"" scrolling=""no"" frameborder=""no"" src=""https://w.soundcloud.com/player/?visual=true&url=https%3A%2F%2Fapi.soundcloud.com%2Ftracks%2F2102555973&show_artwork=true""></iframe>",0
474,2025-05,2025-05-16,ERA,ERA 163 - Rebūke Studio Mix,Rebūke,https://soundcloud.com/rebukemusic/era-163-reb-ke-studio-mix,,https://i1.sndcdn.com/artworks-0lNXuW9inlV6s2pk-v9qcoQ-t500x500.jpg,"<iframe width=""100%"" height=""400"" scrolling=""no"" frameborder=""no"" src=""https://w.soundcloud.com/player/?visual=true&url=https%3A%2F%2Fapi.soundcloud.com%2Ftracks%2F2096861151&show_artwork=true""></iframe>",11
475,2025-05,2025-05-10,ERA,ERA 162 - Rebūke Studio Mix,Rebūke,https://soundcloud.com/rebukemusic/era-162-reb-ke-studio-mix,,https://i1.sndcdn.com/artworks-y2zjrlqzeKMBNO5w-nyQFbg-t500x500.jpg,"<iframe width=""100%"" height=""400"" scrolling=""no"" frameborder=""no"" src=""https://w.soundcloud.com/player/?visual=true&url=https%3A%2F%2Fapi.soundcloud.com%2Ftracks%2F2093381802&show_artwork=true""></iframe>",11
476,2025-05,2025-05-02,ERA,ERA 161 - Rebūke Studio Mix,Rebūke,https://soundcloud.com/rebukemusic/era-161-reb-ke-studio-mix,,https://i1.sndcdn.com/artworks-RX7z9UMffnJSDu1C-hGgfFg-t500x500.jpg,"<iframe width=""100%"" height=""400"" scrolling=""no"" frameborder=""no"" src=""https://w.soundcloud.com/player/?visual=true&url=https%3A%2F%2Fapi.soundcloud.com%2Ftracks%2F2088766122&show_artwork=true""></iframe>",11
468,2025-06,2025-06-27,ERA,ERA 169 - Passenger 10 Studio Mix,Rebūke,https://soundcloud.com/rebukemusic/era-169-passenger-10-studio,,https://i1.sndcdn.com/artworks-fjmZSnIUj9DUw7Sf-TpgqLQ-t500x500.jpg,"<iframe width=""100%"" height=""400"" scrolling=""no"" frameborder=""no"" src=""https://w.soundcloud.com/player/?visual=true&url=https%3A%2F%2Fapi.soundcloud.com%2Ftracks%2F2120369634&show_artwork=true""></iframe>",20
469,2025-06,2025-06-20,ERA,ERA 168 - Rebūke Studio Mix,Rebūke,https://soundcloud.com/rebukemusic/era-168-reb-ke-studio-mix,,https://i1.sndcdn.com/artworks-WyWDCgEZr3rhOCUC-3sqlKw-t500x500.jpg,"<iframe width=""100%"" height=""400"" scrolling=""no"" frameborder=""no"" src=""https://w.soundcloud.com/player/?visual=true&url=https%3A%2F%2Fapi.soundcloud.com%2Ftracks%2F2116707876&show_artwork=true""></iframe>",10
470,2025-06,2025-06-13,ERA,ERA 167 - Rebūke Studio Mix,Rebūke,https://soundcloud.com/rebukemusic/era-167-reb-ke-studio-mix,,https://i1.sndcdn.com/artworks-QR0oacyXbt2Cy0a5-DgW9zw-t500x500.jpg,"<iframe width=""100%"" height=""400"" scrolling=""no"" frameborder=""no"" src=""https://w.soundcloud.com/player/?visual=true&url=https%3A%2F%2Fapi.soundcloud.com%2Ftracks%2F2112763401&show_artwork=true""></iframe>",12
471,2025-06,2025-06-06,ERA,ERA 166 - Rebūke Studio Mix,Rebūke,https://soundcloud.com/rebukemusic/era-166-reb-ke-studio-mix,,https://i1.sndcdn.com/artworks-diY7zL1NIw6QRYDQ-IbkL9g-t500x500.jpg,"<iframe width=""100%"" height=""400"" scrolling=""no"" frameborder=""no"" src=""https://w.soundcloud.com/player/?visual=true&url=https%3A%2F%2Fapi.soundcloud.com%2Ftracks%2F2108701437&show_artwork=true""></iframe>",11
464,2025-07,2025-07-26,ERA,ERA 173 - Sanaz Studio Mix,Rebūke,https://soundcloud.com/rebukemusic/era-173-sanaz-studio-mix-1,,https://i1.sndcdn.com/artworks-Co5ERvT4CltjAMjs-I1u2aw-t500x500.jpg,"<iframe width=""100%"" height=""400"" scrolling=""no"" frameborder=""no"" src=""https://w.soundcloud.com/player/?visual=true&url=https%3A%2F%2Fapi.soundcloud.com%2Ftracks%2F2136744480&show_artwork=true""></iframe>",14
465,2025-07,2025-07-18,ERA,ERA 172 - Rebūke Studio Mix,Rebūke,https://soundcloud.com/rebukemusic/era-172-reb-ke-studio-mix,,https://i1.sndcdn.com/artworks-k5V1d3z4ODFc24ze-rzx2OQ-t500x500.jpg,"<iframe width=""100%"" height=""400"" scrolling=""no"" frameborder=""no"" src=""https://w.soundcloud.com/player/?visual=true&url=https%3A%2F%2Fapi.soundcloud.com%2Ftracks%2F2132296728&show_artwork=true""></iframe>",12
466,2025-07,2025-07-11,ERA,ERA 171 - Rebūke Studio Mix,Rebūke,https://soundcloud.com/rebukemusic/era-171-reb-ke-studio-mix,,https://i1.sndcdn.com/artworks-mtxZ7ySa9kY5kyaF-XAupug-t500x500.jpg,"<iframe width=""100%"" height=""400"" scrolling=""no"" frameborder=""no"" src=""https://w.soundcloud.com/player/?visual=true&url=https%3A%2F%2Fapi.soundcloud.com%2Ftracks%2F2128244178&show_artwork=true""></iframe>",10
467,2025-07,2025-07-04,ERA,ERA 170 - Rebūke Studio Mix,Rebūke,https://soundcloud.com/rebukemusic/era-170-reb-ke-studio-mix,,https://i1.sndcdn.com/artworks-Lc5ICM5YrIXZR2UM-YkZzyw-t500x500.jpg,"<iframe width=""100%"" height=""400"" scrolling=""no"" frameborder=""no"" src=""https://w.soundcloud.com/player/?visual=true&url=https%3A%2F%2Fapi.soundcloud.com%2Ftracks%2F2124551019&show_artwork=true""></iframe>",12
459,2025-08,2025-08-29,ERA,ERA 178 - Rebūke Studio Mix,Rebūke,https://soundcloud.com/rebukemusic/era-178-reb-ke-studio-mix,,https://i1.sndcdn.com/artworks-y2vwgKAtRWYx0f7O-VVmgTA-t500x500.jpg,"<iframe width=""100%"" height=""400"" scrolling=""no"" frameborder=""no"" src=""https://w.soundcloud.com/player/?visual=true&url=https%3A%2F%2Fapi.soundcloud.com%2Ftracks%2F2161288065&show_artwork=true""></iframe>",12
460,2025-08,2025-08-23,ERA,ERA 177 - Rebūke Studio Mix,Rebūke,https://soundcloud.com/rebukemusic/era-177-reb-ke-studio-mix,,https://i1.sndcdn.com/artworks-NkzDaevHmXvHNI8U-yKjwtw-t500x500.jpg,"<iframe width=""100%"" height=""400"" scrolling=""no"" frameborder=""no"" src=""https://w.soundcloud.com/player/?visual=true&url=https%3A%2F%2Fapi.soundcloud.com%2Ftracks%2F2157863589&show_artwork=true""></iframe>",11
461,2025-08,2025-08-15,ERA,ERA 176 - LUMI Studio Mix,Rebūke,https://soundcloud.com/rebukemusic/era-176-lumi-studio-mix,,https://i1.sndcdn.com/artworks-oqBsghMoQTeda8R9-yAEWGQ-t500x500.jpg,"<iframe width=""100%"" height=""400"" scrolling=""no"" frameborder=""no"" src=""https://w.soundcloud.com/player/?visual=true&url=https%3A%2F%2Fapi.soundcloud.com%2Ftracks%2F2153578359&show_artwork=true""></iframe>",21
462,2025-08,2025-08-08,ERA,ERA 175 - Rebūke Studio Mix,Rebūke,https://soundcloud.com/rebukemusic/era-175-reb-ke-studio-mix,,https://i1.sndcdn.com/artworks-Xii59KI2KEqdUEKl-F0zZEA-t500x500.jpg,"<iframe width=""100%"" height=""400"" scrolling=""no"" frameborder=""no"" src=""https://w.soundcloud.com/player/?visual=true&url=https%3A%2F%2Fapi.soundcloud.com%2Ftracks%2F2149905075&show_artwork=true""></iframe>",12
463,2025-08,2025-08-01,ERA,ERA 174 - World Of ERA Album Special,Rebūke,https://soundcloud.com/rebukemusic/era-174-world-of-era-album-special,,https://i1.sndcdn.com/artworks-k3cu5oQ5t9BC7XWY-dQUtEg-t500x500.jpg,"<iframe width=""100%"" height=""400"" scrolling=""no"" frameborder=""no"" src=""https://w.soundcloud.com/player/?visual=true&url=https%3A%2F%2Fapi.soundcloud.com%2Ftracks%2F2140080111&show_artwork=true""></iframe>",15
455,2025-09,2025-09-26,ERA,ERA 182 - Rebūke Studio Mix,Rebūke,https://soundcloud.com/rebukemusic/era-182-rebu-ke-studio-mix,,https://i1.sndcdn.com/artworks-YWq1ExUpt3g1imUe-XTbvrw-t500x500.jpg,"<iframe width=""100%"" height=""400"" scrolling=""no"" frameborder=""no"" src=""https://w.soundcloud.com/player/?visual=true&url=https%3A%2F%2Fapi.soundcloud.com%2Ftracks%2F2177022567&show_artwork=true""></iframe>",14
456,2025-09,2025-09-19,ERA,ERA 181 - Rebūke Studio Mix,Rebūke,https://soundcloud.com/rebukemusic/era-181-rebu-ke-studio-mix,,https://i1.sndcdn.com/artworks-JdWkxy6Yd0CcTz5h-fW31Ng-t500x500.jpg,"<iframe width=""100%"" height=""400"" scrolling=""no"" frameborder=""no"" src=""https://w.soundcloud.com/player/?visual=true&url=https%3A%2F%2Fapi.soundcloud.com%2Ftracks%2F2173175847&show_artwork=true""></iframe>",12
457,2025-09,2025-09-12,ERA,ERA 180 - Eklipse Studio Mix,Rebūke,https://soundcloud.com/rebukemusic/era-180-eklipse-studio-mix,,https://i1.sndcdn.com/artworks-xkMy1AcMH72CJ7fJ-krFMAg-t500x500.jpg,"<iframe width=""100%"" height=""400"" scrolling=""no"" frameborder=""no"" src=""https://w.soundcloud.com/player/?visual=true&url=https%3A%2F%2Fapi.soundcloud.com%2Ftracks%2F2169268527&show_artwork=true""></iframe>",15
458,2025-09,2025-09-05,ERA,ERA 179 - Rebūke Studio Mix,Rebūke,https://soundcloud.com/rebukemusic/era-179-reb-ke-studio-mix,,https://i1.sndcdn.com/artworks-lF2iCmJg6gYm8bHJ-8MWnQQ-t500x500.jpg,"<iframe width=""100%"" height=""400"" scrolling=""no"" frameborder=""no"" src=""https://w.soundcloud.com/player/?visual=true&url=https%3A%2F%2Fapi.soundcloud.com%2Ftracks%2F2165338497&show_artwork=true""></iframe>",11
451,2025-10,2025-10-28,ERA,ERA 186 - Rebūke Studio Mix,Rebūke,https://soundcloud.com/rebukemusic/era-186-rebu-ke-studio-mix,,https://i1.sndcdn.com/artworks-XVlgC6qDECzs2u90-drSLeg-t500x500.jpg,"<iframe width=""100%"" height=""400"" scrolling=""no"" frameborder=""no"" src=""https://w.soundcloud.com/player/?visual=true&url=https%3A%2F%2Fapi.soundcloud.com%2Ftracks%2F2200922211&show_artwork=true""></iframe>",12
452,2025-10,2025-10-17,ERA,ERA 185 - Rebūke Studio Mix,Rebūke,https://soundcloud.com/rebukemusic/era-185-reb-ke-studio-mix,,https://i1.sndcdn.com/artworks-yxoGWrX2k4eagDdm-vfgCjw-t500x500.jpg,"<iframe width=""100%"" height=""400"" scrolling=""no"" frameborder=""no"" src=""https://w.soundcloud.com/player/?visual=true&url=https%3A%2F%2Fapi.soundcloud.com%2Ftracks%2F2192363079&show_artwork=true""></iframe>",12
453,2025-10,2025-10-11,ERA,ERA 184 - Lex On Studio Mix,Rebūke,https://soundcloud.com/rebukemusic/era-184-lex-on-studio-mix,,https://i1.sndcdn.com/artworks-kcnD2siHWzcPMXzp-umZ4Vw-t500x500.jpg,"<iframe width=""100%"" height=""400"" scrolling=""no"" frameborder=""no"" src=""https://w.soundcloud.com/player/?visual=true&url=https%3A%2F%2Fapi.soundcloud.com%2Ftracks%2F2187775755&show_artwork=true""></iframe>",12
454,2025-10,2025-10-03,ERA,ERA 183 - Rebūke Studio Mix,Rebūke,https://soundcloud.com/rebukemusic/era-183-rebu-ke-studio-mix,,https://i1.sndcdn.com/artworks-vlwtPPu7C7KrRmzJ-X45ZeQ-t500x500.jpg,"<iframe width=""100%"" height=""400"" scrolling=""no"" frameborder=""no"" src=""https://w.soundcloud.com/player/?visual=true&url=https%3A%2F%2Fapi.soundcloud.com%2Ftracks%2F2181478747&show_artwork=true""></iframe>",13
446,2025-11,2025-11-28,ERA,ERA 191 - Rebūke Studio Mix,Rebūke,https://soundcloud.com/rebukemusic/era-191-rebu-ke-studio-mix,,https://i1.sndcdn.com/artworks-IWWqqniqhuOvBK4a-WYJfFg-t500x500.jpg,"<iframe width=""100%"" height=""400"" scrolling=""no"" frameborder=""no"" src=""https://w.soundcloud.com/player/?visual=true&url=https%3A%2F%2Fapi.soundcloud.com%2Ftracks%2F2220471956&show_artwork=true""></iframe>",13
447,2025-11,2025-11-22,ERA,"ERA 190 - Rebūke Live from Coda, Toronto",Rebūke,https://soundcloud.com/rebukemusic/era-190-rebu-ke-live-from-coda,,https://i1.sndcdn.com/artworks-GspJVAOoxFyoYhMZ-HZ06ZQ-t500x500.jpg,"<iframe width=""100%"" height=""400"" scrolling=""no"" frameborder=""no"" src=""https://w.soundcloud.com/player/?visual=true&url=https%3A%2F%2Fapi.soundcloud.com%2Ftracks%2F2216908703&show_artwork=true""></iframe>",0
448,2025-11,2025-11-17,ERA,ERA 189 - Rebūke Studio Mix,Rebūke,https://soundcloud.com/rebukemusic/era-189-rebu-ke-studio-mix,,https://i1.sndcdn.com/artworks-pugLytVtdWpU7Yv5-kqecgQ-t500x500.jpg,"<iframe width=""100%"" height=""400"" scrolling=""no"" frameborder=""no"" src=""https://w.soundcloud.com/player/?visual=true&url=https%3A%2F%2Fapi.soundcloud.com%2Ftracks%2F2213803643&show_artwork=true""></iframe>",12
449,2025-11,2025-11-07,ERA,ERA 188 - Rebūke Studio Mix,Rebūke,https://soundcloud.com/rebukemusic/era-188-reb-ke-studio-mix,,https://i1.sndcdn.com/artworks-yNy87pF4A1gIylsx-6IiiQw-t500x500.jpg,"<iframe width=""100%"" height=""400"" scrolling=""no"" frameborder=""no"" src=""https://w.soundcloud.com/player/?visual=true&url=https%3A%2F%2Fapi.soundcloud.com%2Ftracks%2F2208303203&show_artwork=true""></iframe>",12
450,2025-11,2025-11-02,ERA,ERA 187 - Rebūke Studio Mix,Rebūke,https://soundcloud.com/rebukemusic/era-187-rebu-ke-studio-mix,,https://i1.sndcdn.com/artworks-OFN5AXDSPKP0eDV6-L2wq2g-t500x500.jpg,"<iframe width=""100%"" height=""400"" scrolling=""no"" frameborder=""no"" src=""https://w.soundcloud.com/player/?visual=true&url=https%3A%2F%2Fapi.soundcloud.com%2Ftracks%2F2204936975&show_artwork=true""></iframe>",13
442,2025-12,2025-12-29,ERA,ERA 195 - Rebūke Studio Mix,Rebūke,https://soundcloud.com/rebukemusic/era-195-rebu-ke-studio-mix,,https://i1.sndcdn.com/artworks-9TFBqQe4AzbiNO9q-wwYdiQ-t500x500.jpg,"<iframe width=""100%"" height=""400"" scrolling=""no"" frameborder=""no"" src=""https://w.soundcloud.com/player/?visual=true&url=https%3A%2F%2Fapi.soundcloud.com%2Ftracks%2F2237994335&show_artwork=true""></iframe>",13
443,2025-12,2025-12-29,ERA,ERA 194 - Rebūke Studio Mix,Rebūke,https://soundcloud.com/rebukemusic/era-194-rebu-ke-studio-mix,,https://i1.sndcdn.com/artworks-TN5DJCv421p5rKIE-oKSYjw-t500x500.jpg,"<iframe width=""100%"" height=""400"" scrolling=""no"" frameborder=""no"" src=""https://w.soundcloud.com/player/?visual=true&url=https%3A%2F%2Fapi.soundcloud.com%2Ftracks%2F2237991851&show_artwork=true""></iframe>",13
444,2025-12,2025-12-15,ERA,ERA 193 - Rebūke Studio Mix,Rebūke,https://soundcloud.com/rebukemusic/era-193-rebu-ke-studio-mix,,https://i1.sndcdn.com/artworks-tFqeVJRyejhRMPXg-NSO2rw-t500x500.jpg,"<iframe width=""100%"" height=""400"" scrolling=""no"" frameborder=""no"" src=""https://w.soundcloud.com/player/?visual=true&url=https%3A%2F%2Fapi.soundcloud.com%2Ftracks%2F2229783098&show_artwork=true""></iframe>",14
445,2025-12,2025-12-08,ERA,ERA 192 - Rebūke Studio Mix,Rebūke,https://soundcloud.com/rebukemusic/era-192-rebu-ke-studio-mix,,https://i1.sndcdn.com/artworks-mPxfgbcWPlFGy4m1-2rgGEw-t500x500.jpg,"<iframe width=""100%"" height=""400"" scrolling=""no"" frameborder=""no"" src=""https://w.soundcloud.com/player/?visual=true&url=https%3A%2F%2Fapi.soundcloud.com%2Ftracks%2F2225826290&show_artwork=true""></iframe>",14
438,2026-01,2026-01-25,ERA,ERA 199 - Rebūke Studio Mix,Rebūke,https://soundcloud.com/rebukemusic/era-199-rebu-ke-studio-mix,,https://i1.sndcdn.com/artworks-Kf0iBU42OiKyBvSm-1uqpFg-t500x500.jpg,"<iframe width=""100%"" height=""400"" scrolling=""no"" frameborder=""no"" src=""https://w.soundcloud.com/player/?visual=true&url=https%3A%2F%2Fapi.soundcloud.com%2Ftracks%2F2253847478&show_artwork=true""></iframe>",13
439,2026-01,2026-01-19,ERA,ERA 198 - Rebūke Studio Mix,Rebūke,https://soundcloud.com/rebukemusic/era-198-rebu-ke-studio-mix,,https://i1.sndcdn.com/artworks-TPHFZczZip90H8iE-EDjYCw-t500x500.jpg,"<iframe width=""100%"" height=""400"" scrolling=""no"" frameborder=""no"" src=""https://w.soundcloud.com/player/?visual=true&url=https%3A%2F%2Fapi.soundcloud.com%2Ftracks%2F2250032282&show_artwork=true""></iframe>",13
440,2026-01,2026-01-09,ERA,ERA 197 - Rebūke Studio Mix,Rebūke,https://soundcloud.com/rebukemusic/era-197-rebu-ke-studio-mix,,https://i1.sndcdn.com/artworks-MVMhr0fVdsMd9TPj-y2EoQA-t500x500.jpg,"<iframe width=""100%"" height=""400"" scrolling=""no"" frameborder=""no"" src=""https://w.soundcloud.com/player/?visual=true&url=https%3A%2F%2Fapi.soundcloud.com%2Ftracks%2F2244426926&show_artwork=true""></iframe>",13
441,2026-01,2026-01-03,ERA,ERA 196 - Rebūke Year Mix 2025,Rebūke,https://soundcloud.com/rebukemusic/era-196-rebu-ke-year-mix-2025,,https://i1.sndcdn.com/artworks-MxSKTUt7hoAZQU0I-k6EDYw-t500x500.jpg,"<iframe width=""100%"" height=""400"" scrolling=""no"" frameborder=""no"" src=""https://w.soundcloud.com/player/?visual=true&url=https%3A%2F%2Fapi.soundcloud.com%2Ftracks%2F2240802329&show_artwork=true""></iframe>",14
433,2026-02,2026-02-27,ERA,ERA 204 - Rebūke Studio Mix,Rebūke,https://soundcloud.com/rebukemusic/era-204-rebu-ke-studio-mix,,https://i1.sndcdn.com/artworks-UGa7ix4ZXzNfVGid-IaVGMQ-t500x500.jpg,"<iframe width=""100%"" height=""400"" scrolling=""no"" frameborder=""no"" src=""https://w.soundcloud.com/player/?visual=true&url=https%3A%2F%2Fapi.soundcloud.com%2Ftracks%2F2274412958&show_artwork=true""></iframe>",13
434,2026-02,2026-02-23,ERA,ERA 203 - Rebūke Studio Mix,Rebūke,https://soundcloud.com/rebukemusic/era-203-rebu-ke-studio-mix,,https://i1.sndcdn.com/artworks-VBQXcxmHt3fKXnxN-0s6u8A-t500x500.jpg,"<iframe width=""100%"" height=""400"" scrolling=""no"" frameborder=""no"" src=""https://w.soundcloud.com/player/?visual=true&url=https%3A%2F%2Fapi.soundcloud.com%2Ftracks%2F2271592079&show_artwork=true""></iframe>",12
435,2026-02,2026-02-16,ERA,ERA 202 - Rebūke Studio Mix,Rebūke,https://soundcloud.com/rebukemusic/era-202-rebu-ke-studio-mix,,https://i1.sndcdn.com/artworks-zyuTWzvKioBhpDQV-jjRugQ-t500x500.jpg,"<iframe width=""100%"" height=""400"" scrolling=""no"" frameborder=""no"" src=""https://w.soundcloud.com/player/?visual=true&url=https%3A%2F%2Fapi.soundcloud.com%2Ftracks%2F2267307842&show_artwork=true""></iframe>",12
436,2026-02,2026-02-09,ERA,ERA 201 - Rebūke Studio Mix,Rebūke,https://soundcloud.com/rebukemusic/era-201-rebu-ke-studio-mix,,https://i1.sndcdn.com/artworks-CMeyt1lhZdTweYjf-GuUBIw-t500x500.jpg,"<iframe width=""100%"" height=""400"" scrolling=""no"" frameborder=""no"" src=""https://w.soundcloud.com/player/?visual=true&url=https%3A%2F%2Fapi.soundcloud.com%2Ftracks%2F2262714095&show_artwork=true""></iframe>",12
437,2026-02,2026-02-01,ERA,ERA 200 - 200th Episode Special,Rebūke,https://soundcloud.com/rebukemusic/era-200-200th-episode-special,,https://i1.sndcdn.com/artworks-PBI7OgE9Gipzen5m-rokFgg-t500x500.jpg,"<iframe width=""100%"" height=""400"" scrolling=""no"" frameborder=""no"" src=""https://w.soundcloud.com/player/?visual=true&url=https%3A%2F%2Fapi.soundcloud.com%2Ftracks%2F2258029349&show_artwork=true""></iframe>",13
429,2026-03,2026-03-27,ERA,ERA 208 - Kieran San Jose Studio Mix,Rebūke,https://soundcloud.com/rebukemusic/era-208-kieran-san-jose-studio,,https://i1.sndcdn.com/artworks-f4DTUie0okrmAmVy-tLtDhw-t500x500.jpg,"<iframe width=""100%"" height=""400"" scrolling=""no"" frameborder=""no"" src=""https://w.soundcloud.com/player/?visual=true&url=https%3A%2F%2Fapi.soundcloud.com%2Ftracks%2F2291558951&show_artwork=true""></iframe>",18
430,2026-03,2026-03-20,ERA,ERA 207 - Ugo Banchi Studio Mix,Rebūke,https://soundcloud.com/rebukemusic/era-207-ugo-banchi-studio-mix,,https://i1.sndcdn.com/artworks-afyF0yrOLw0nfzAO-OAyjXQ-t500x500.jpg,"<iframe width=""100%"" height=""400"" scrolling=""no"" frameborder=""no"" src=""https://w.soundcloud.com/player/?visual=true&url=https%3A%2F%2Fapi.soundcloud.com%2Ftracks%2F2287341077&show_artwork=true""></iframe>",14
431,2026-03,2026-03-13,ERA,ERA 206 - Rebūke Studio Mix,Rebūke,https://soundcloud.com/rebukemusic/era-206-rebu-ke-studio-mix,,https://i1.sndcdn.com/artworks-GkOIMwc5SLAzu6CD-z8yRcQ-t500x500.jpg,"<iframe width=""100%"" height=""400"" scrolling=""no"" frameborder=""no"" src=""https://w.soundcloud.com/player/?visual=true&url=https%3A%2F%2Fapi.soundcloud.com%2Ftracks%2F2283045284&show_artwork=true""></iframe>",14
432,2026-03,2026-03-06,ERA,ERA 205 - Rebūke Studio Mix,Rebūke,https://soundcloud.com/rebukemusic/era-205-rebu-ke-studio-mix,,https://i1.sndcdn.com/artworks-Lbrbs3kGmSAwA7t4-AMQvqw-t500x500.jpg,"<iframe width=""100%"" height=""400"" scrolling=""no"" frameborder=""no"" src=""https://w.soundcloud.com/player/?visual=true&url=https%3A%2F%2Fapi.soundcloud.com%2Ftracks%2F2278568408&show_artwork=true""></iframe>",13
425,2026-04,2026-04-24,ERA,ERA 212 - Rebūke Studio Mix,Rebūke,https://soundcloud.com/rebukemusic/era-212-rebu-ke-studio-mix,,https://i1.sndcdn.com/artworks-vEpd6bhlB7BziKbb-11RKEg-t500x500.jpg,"<iframe width=""100%"" height=""400"" scrolling=""no"" frameborder=""no"" src=""https://w.soundcloud.com/player/?visual=true&url=https%3A%2F%2Fapi.soundcloud.com%2Ftracks%2F2308401020&show_artwork=true""></iframe>",13
426,2026-04,2026-04-20,ERA,ERA 211 - Rebūke Studio Mix,Rebūke,https://soundcloud.com/rebukemusic/era-211-rebu-ke-studio-mix,,https://i1.sndcdn.com/artworks-V13vA5cuzfotNpJy-JWMlEQ-t500x500.jpg,"<iframe width=""100%"" height=""400"" scrolling=""no"" frameborder=""no"" src=""https://w.soundcloud.com/player/?visual=true&url=https%3A%2F%2Fapi.soundcloud.com%2Ftracks%2F2305663085&show_artwork=true""></iframe>",13
427,2026-04,2026-04-10,ERA,ERA 210 - Rebūke Studio Mix,Rebūke,https://soundcloud.com/rebukemusic/era-210-rebu-ke-studio-mix,,https://i1.sndcdn.com/artworks-MBxGnzav5OTUxTM7-SfTpPA-t500x500.jpg,"<iframe width=""100%"" height=""400"" scrolling=""no"" frameborder=""no"" src=""https://w.soundcloud.com/player/?visual=true&url=https%3A%2F%2Fapi.soundcloud.com%2Ftracks%2F2299958849&show_artwork=true""></iframe>",12
428,2026-04,2026-04-04,ERA,ERA 209 - Rebūke Studio Mix,Rebūke,https://soundcloud.com/rebukemusic/era-209-rebu-ke-studio-mix,,https://i1.sndcdn.com/artworks-uUrKqBCnaUEyrnNg-JWmB9g-t500x500.jpg,"<iframe width=""100%"" height=""400"" scrolling=""no"" frameborder=""no"" src=""https://w.soundcloud.com/player/?visual=true&url=https%3A%2F%2Fapi.soundcloud.com%2Ftracks%2F2296401581&show_artwork=true""></iframe>",12
422,2026-05,2026-05-15,ERA,ERA 215 - Rebūke Studio Mix,Rebūke,https://soundcloud.com/rebukemusic/era-215-rebu-ke-studio-mix,https://www.1001tracklists.com/tracklist/23p3udr1/rebuke-era-radio-215-2026-05-17.html,https://i1.sndcdn.com/artworks-6DSuPdJnNufsdTpF-9oUp4g-t500x500.jpg,"<iframe width=""100%"" height=""400"" scrolling=""no"" frameborder=""no"" src=""https://w.soundcloud.com/player/?visual=true&url=https%3A%2F%2Fapi.soundcloud.com%2Ftracks%2F2321066417&show_artwork=true""></iframe>",12
423,2026-05,2026-05-08,ERA,ERA 214 - Rebūke Studio Mix,Rebūke,https://soundcloud.com/rebukemusic/era-214-rebu-ke-studio-mix,,https://i1.sndcdn.com/artworks-VUAtNfICXx82ZQgn-DpU63Q-t500x500.jpg,"<iframe width=""100%"" height=""400"" scrolling=""no"" frameborder=""no"" src=""https://w.soundcloud.com/player/?visual=true&url=https%3A%2F%2Fapi.soundcloud.com%2Ftracks%2F2317005347&show_artwork=true""></iframe>",13
424,2026-05,2026-05-01,ERA,ERA 213 - Rebūke Studio Mix,Rebūke,https://soundcloud.com/rebukemusic/era-213-rebu-ke-studio-mix,,https://i1.sndcdn.com/artworks-62PCfGOGs9VpcbAa-iyVn4w-t500x500.jpg,"<iframe width=""100%"" height=""400"" scrolling=""no"" frameborder=""no"" src=""https://w.soundcloud.com/player/?visual=true&url=https%3A%2F%2Fapi.soundcloud.com%2Ftracks%2F2312722010&show_artwork=true""></iframe>",13
638,2026-05,2026-05-22,ERA,ERA 216 - Rebūke Studio Mix,Rebūke,https://soundcloud.com/rebukemusic/era-216-rebu-ke-studio-mix,,https://i1.sndcdn.com/artworks-8FdztQyrVMtxU2sU-A97NnA-t500x500.jpg,"<iframe width=""100%"" height=""400"" scrolling=""no"" frameborder=""no"" src=""https://w.soundcloud.com/player/?visual=true&url=https%3A%2F%2Fapi.soundcloud.com%2Ftracks%2F2325659315&show_artwork=true""></iframe>",13
641,2026-06,2026-06-01,ERA,"ERA 217 - Rebūke Live from Revolver, Melbourne",Rebūke,https://soundcloud.com/rebukemusic/era-217-rebu-ke-live-from,,https://i1.sndcdn.com/artworks-llxaUxPTSPh7dZ6H-6laKLg-t500x500.jpg,"<iframe width=""100%"" height=""400"" scrolling=""no"" frameborder=""no"" src=""https://w.soundcloud.com/player/?visual=true&url=https%3A%2F%2Fapi.soundcloud.com%2Ftracks%2F2330974964&show_artwork=true""></iframe>",0
230,2010-07,2010-07-12,Magic Tape,Magic Tape 01,The Magician,https://soundcloud.com/themagician/magic-tape-one,https://www.mixesdb.com/w/2010-07-12_-_The_Magician_-_Magic_Tape_1,,,10
229,2010-08,2010-08-23,Magic Tape,Magic Tape 02,The Magician,https://soundcloud.com/themagician/magic-tape-two,https://www.mixesdb.com/w/2010-08-23_-_The_Magician_-_Magic_Tape_2,,,10
228,2010-09,2010-09-23,Magic Tape,Magic Tape 03,The Magician,https://soundcloud.com/themagician/magic-tape-three,https://www.mixesdb.com/w/2010-09-23_-_The_Magician_-_Magic_Tape_3,,,11
227,2010-10,2010-10-26,Magic Tape,Magic Tape 04,The Magician,https://soundcloud.com/themagician/magic-tape-four,https://www.mixesdb.com/w/2010-10-26_-_The_Magician_-_Magic_Tape_4,,,10
226,2010-11,2010-11-23,Magic Tape,Magic Tape 05,The Magician,https://soundcloud.com/themagician/magic-tape-five,https://www.mixesdb.com/w/2010-11-23_-_The_Magician_-_Magic_Tape_5,,,10
225,2010-12,2010-12-14,Magic Tape,Magic Tape 06,The Magician,https://soundcloud.com/themagician/magic-tape-six,https://www.mixesdb.com/w/2010-12-14_-_The_Magician_-_Magic_Tape_6,,,10
224,2011-01,2011-01-26,Magic Tape,Magic Tape 07,The Magician,https://soundcloud.com/themagician/magic-tape-seven,https://www.mixesdb.com/w/2011-01-26_-_The_Magician_-_Magic_Tape_7,,,10
223,2011-02,2011-02-22,Magic Tape,Magic Tape 08,The Magician,https://soundcloud.com/themagician/magic-tape-eight,https://www.mixesdb.com/w/2011-02-22_-_The_Magician_-_Magic_Tape_8,,,10
222,2011-03,2011-03-22,Magic Tape,Magic Tape 09,The Magician,https://soundcloud.com/themagician/magic-tape-nine,https://www.mixesdb.com/w/2011-03-22_-_The_Magician_-_Magic_Tape_9,,,10
221,2011-04,2011-04-19,Magic Tape,Magic Tape 10,The Magician,https://soundcloud.com/themagician/magic-tape-ten,https://www.mixesdb.com/w/2011-04-19_-_The_Magician_-_Magic_Tape_10,,,10
220,2011-05,2011-05-17,Magic Tape,Magic Tape 11,The Magician,https://soundcloud.com/themagician/magic-tape-eleven,https://www.mixesdb.com/w/2011-05-17_-_The_Magician_-_Magic_Tape_11,,,9
219,2011-06,2011-06-14,Magic Tape,Magic Tape 12,The Magician,https://soundcloud.com/themagician/magic-tape-twelve,https://www.mixesdb.com/w/2011-06-14_-_The_Magician_-_Magic_Tape_12,,,11
218,2011-07,2011-07-19,Magic Tape,Magic Tape 13,The Magician,https://soundcloud.com/themagician/magic-tape-thirteen,https://www.mixesdb.com/w/2011-07-19_-_The_Magician_-_Magic_Tape_13,,,10
217,2011-08,2011-08-24,Magic Tape,Magic Tape 14,The Magician,https://soundcloud.com/themagician/magic-tape-fourteen,https://www.mixesdb.com/w/2011-08-24_-_The_Magician_-_Magic_Tape_14,,,10
216,2011-09,2011-09-13,Magic Tape,Magic Tape 15,The Magician,https://soundcloud.com/themagician/magic-tape-fifteen,https://www.mixesdb.com/w/2011-09-13_-_The_Magician_-_Magic_Tape_15,,,11
215,2011-10,2011-10-25,Magic Tape,Magic Tape 16,The Magician,https://soundcloud.com/themagician/magic-tape-sixteen,https://www.mixesdb.com/w/2011-10-25_-_The_Magician_-_Magic_Tape_16,,,14
214,2011-11,2011-11-22,Magic Tape,Magic Tape 17,The Magician,https://soundcloud.com/themagician/magic-tape-seventeen,https://www.mixesdb.com/w/2011-11-22_-_The_Magician_-_Magic_Tape_17,,,11
213,2011-12,2011-12-20,Magic Tape,Magic Tape 18,The Magician,https://soundcloud.com/themagician/magic-tape-eighteen,https://www.mixesdb.com/w/2011-12-20_-_The_Magician_-_Magic_Tape_18,,,10
212,2012-01,2012-01-24,Magic Tape,Magic Tape 19,The Magician,https://soundcloud.com/themagician/magic-tape-nineteen,https://www.mixesdb.com/w/2012-01-24_-_The_Magician_-_Magic_Tape_19,,,10
211,2012-02,2012-02-21,Magic Tape,Magic Tape 20,The Magician,https://soundcloud.com/themagician/magic-tape-twenty,https://www.mixesdb.com/w/2012-02-21_-_The_Magician_-_Magic_Tape_20,,,10
210,2012-03,2012-03-27,Magic Tape,Magic Tape 21,The Magician,https://soundcloud.com/themagician/magic-tape-twenty-one,https://www.mixesdb.com/w/2012-03-27_-_The_Magician_-_Magic_Tape_21,,,11
209,2012-04,2012-04-24,Magic Tape,Magic Tape 22,The Magician,https://soundcloud.com/themagician/magic-tape-twenty-two,https://www.mixesdb.com/w/2012-04-24_-_The_Magician_-_Magic_Tape_22,,,10
208,2012-05,2012-05-22,Magic Tape,Magic Tape 23,The Magician,https://soundcloud.com/themagician/magic-tape-twenty-three,https://www.mixesdb.com/w/2012-05-22_-_The_Magician_-_Magic_Tape_23,,,10
207,2012-06,2012-06-26,Magic Tape,Magic Tape 24,The Magician,https://soundcloud.com/themagician/magic-tape-twenty-four,https://www.mixesdb.com/w/2012-06-26_-_The_Magician_-_Magic_Tape_24,,,10
206,2012-09,2012-09-04,Magic Tape,Magic Tape 25,The Magician,https://soundcloud.com/themagician/magic-tape-twenty-five,https://www.mixesdb.com/w/2012-09-04_-_The_Magician_-_Magic_Tape_25,,,11
205,2012-10,2012-10-09,Magic Tape,Magic Tape 26,The Magician,https://soundcloud.com/themagician/magic-tape-twenty-six,https://www.mixesdb.com/w/2012-10-09_-_The_Magician_-_Magic_Tape_26,,,11
204,2012-11,2012-11-13,Magic Tape,Magic Tape 27,The Magician,https://soundcloud.com/themagician/magic-tape-twenty-seven,https://www.mixesdb.com/w/2012-11-13_-_The_Magician_-_Magic_Tape_27,,,11
203,2012-12,2012-12-11,Magic Tape,Magic Tape 28,The Magician,https://soundcloud.com/themagician/magic-tape-twenty-eight,https://www.mixesdb.com/w/2012-12-11_-_The_Magician_-_Magic_Tape_28,,,11
202,2013-01,2013-01-22,Magic Tape,Magic Tape 29,The Magician,https://soundcloud.com/themagician/magic-tape-twenty-nine,https://www.mixesdb.com/w/2013-01-22_-_The_Magician_-_Magic_Tape_29,,,10
201,2013-02,2013-02-19,Magic Tape,Magic Tape 30,The Magician,https://soundcloud.com/themagician/magic-tape-thirty,https://www.mixesdb.com/w/2013-02-19_-_The_Magician_-_Magic_Tape_30,,,11
231,2013-03,2013-03-19,Magic Tape,2013-03-19 - The Magician - Magic Tape 31,The Magician,https://soundcloud.com/themagician/magic-tape-thirty-one,https://www.mixesdb.com/w/2013-03-19_-_The_Magician_-_Magic_Tape_31,,,11
200,2013-04,2013-04-23,Magic Tape,Magic Tape 32,The Magician,https://soundcloud.com/themagician/magic-tape-thirty-two,https://www.mixesdb.com/w/2013-04-23_-_The_Magician_-_Magic_Tape_32,,,9
199,2013-05,2013-05-21,Magic Tape,Magic Tape 33,The Magician,https://soundcloud.com/themagician/magic-tape-thirty-three,https://www.mixesdb.com/w/2013-05-21_-_The_Magician_-_Magic_Tape_33,,,10
198,2013-06,2013-06-25,Magic Tape,Magic Tape 34,The Magician,https://soundcloud.com/themagician/magic-tape-thirty-four,https://www.mixesdb.com/w/2013-06-25_-_The_Magician_-_Magic_Tape_34,,,10
197,2013-09,2013-09-17,Magic Tape,Magic Tape 35,The Magician,https://soundcloud.com/themagician/magic-tape-35,https://www.mixesdb.com/w/2013-09-17_-_The_Magician_-_Magic_Tape_35,,,12
196,2013-10,2013-10-15,Magic Tape,Magic Tape 36,The Magician,https://soundcloud.com/themagician/magic-tape-thirty-six,https://www.mixesdb.com/w/2013-10-15_-_The_Magician_-_Magic_Tape_36,,,10
232,2013-11,2013-11-19,Magic Tape,2013-11-19 - The Magician - Magic Tape 37,The Magician,https://soundcloud.com/themagician/magic-tape-thirty-seven,https://www.mixesdb.com/w/2013-11-19_-_The_Magician_-_Magic_Tape_37,,,10
195,2013-12,2013-12-17,Magic Tape,Magic Tape 38,The Magician,https://soundcloud.com/themagician/magic-tape-38,https://www.mixesdb.com/w/2013-12-17_-_The_Magician_-_Magic_Tape_38,,,11
194,2014-01,2014-01-21,Magic Tape,Magic Tape 39,The Magician,https://soundcloud.com/themagician/magic-tape-39,https://www.mixesdb.com/w/2014-01-21_-_The_Magician_-_Magic_Tape_39,,,10
193,2014-02,2014-02-18,Magic Tape,Magic Tape 40,The Magician,https://soundcloud.com/themagician/magic-tape-40,https://www.mixesdb.com/w/2014-02-18_-_The_Magician_-_Magic_Tape_40,,,9
192,2014-03,2014-03-27,Magic Tape,Magic Tape 41,The Magician,https://soundcloud.com/themagician/magic-tape-41-1,https://www.mixesdb.com/w/2014-03-27_-_The_Magician_-_Magic_Tape_41,,,9
191,2014-04,2014-04-15,Magic Tape,Magic Tape 42,The Magician,https://soundcloud.com/themagician/magic-tape-42,https://www.mixesdb.com/w/2014-04-15_-_The_Magician_-_Magic_Tape_42,,,10
190,2014-05,2014-05-20,Magic Tape,Magic Tape 43,The Magician,https://soundcloud.com/themagician/magic-tape-43,https://www.mixesdb.com/w/2014-05-20_-_The_Magician_-_Magic_Tape_43,,,11
189,2014-07,2014-07-08,Magic Tape,Magic Tape 44,The Magician,https://soundcloud.com/themagician/magic-tape-44,https://www.mixesdb.com/w/2014-07-08_-_The_Magician_-_Magic_Tape_44,,,12
188,2014-09,2014-09-16,Magic Tape,Magic Tape 45,The Magician,https://soundcloud.com/themagician/magic-tape-45,https://www.mixesdb.com/w/2014-09-16_-_The_Magician_-_Magic_Tape_45,,,14
187,2014-10,2014-10-21,Magic Tape,Magic Tape 46,The Magician,https://soundcloud.com/themagician/magic-tape-46,https://www.mixesdb.com/w/2014-10-21_-_The_Magician_-_Magic_Tape_46,,,12
186,2014-11,2014-11-18,Magic Tape,Magic Tape 47,The Magician,https://soundcloud.com/themagician/magic-tape-47,https://www.mixesdb.com/w/2014-11-18_-_The_Magician_-_Magic_Tape_47,,,10
185,2014-12,2014-12-16,Magic Tape,Magic Tape 48,The Magician,https://soundcloud.com/themagician/magic-tape-48,https://www.mixesdb.com/w/2014-12-16_-_The_Magician_-_Magic_Tape_48,,,10
184,2015-01,2015-01-20,Magic Tape,Magic Tape 49,The Magician,https://soundcloud.com/themagician/magic-tape-49,https://www.mixesdb.com/w/2015-01-20_-_The_Magician_-_Magic_Tape_49,,,10
183,2015-02,2015-02-23,Magic Tape,Magic Tape 50 (Birthday edition),The Magician,https://soundcloud.com/themagician/magic-tape-50,"https://www.mixesdb.com/w/2015-02-23_-_The_Magician_@_Magic_Tape_50_Live,_London_(Mixmag)",,,42
182,2015-04,2015-04-07,Magic Tape,Magic Tape 51,The Magician,https://soundcloud.com/themagician/magic-tape-51,https://www.mixesdb.com/w/2015-04-07_-_The_Magician_-_Magic_Tape_51,,,11
181,2015-05,2015-05-12,Magic Tape,Magic Tape 52,The Magician,https://soundcloud.com/themagician/magic-tape-52,https://www.mixesdb.com/w/2015-05-12_-_The_Magician_-_Magic_Tape_52,,,12
180,2015-06,2015-06-23,Magic Tape,Magic Tape 53,The Magician,https://soundcloud.com/themagician/magic-tape-53,https://www.mixesdb.com/w/2015-06-23_-_The_Magician_-_Magic_Tape_53,,,13
179,2015-09,2015-09-01,Magic Tape,Magic Tape 54,The Magician,https://soundcloud.com/themagician/magic-tape-54,https://www.mixesdb.com/w/2015-09-01_-_The_Magician_-_Magic_Tape_54,,,12
178,2015-10,2015-10-06,Magic Tape,Magic Tape 55,The Magician,https://soundcloud.com/themagician/magic-tape-55,https://www.mixesdb.com/w/2015-10-06_-_The_Magician_-_Magic_Tape_55,,,10
177,2015-11,2015-11-03,Magic Tape,Magic Tape 56,The Magician,https://soundcloud.com/themagician/magic-tape-56,https://www.mixesdb.com/w/2015-11-03_-_The_Magician_-_Magic_Tape_56,,,12
176,2015-12,2015-12-01,Magic Tape,Magic Tape 57,The Magician,https://soundcloud.com/themagician/magic-tape-57,https://www.mixesdb.com/w/2015-12-01_-_The_Magician_-_Magic_Tape_57,,,11
175,2016-01,2016-01-12,Magic Tape,Magic Tape 58,The Magician,https://soundcloud.com/themagician/magic-tape-58,https://www.mixesdb.com/w/2016-01-12_-_The_Magician_-_Magic_Tape_58,,,11
174,2016-02,2016-02-16,Magic Tape,Magic Tape 59,The Magician,https://soundcloud.com/themagician/magic-tape-60,https://www.mixesdb.com/w/2016-02-16_-_The_Magician_-_Magic_Tape_59,,,13
173,2016-04,2016-04-05,Magic Tape,Magic Tape 60,The Magician,https://soundcloud.com/themagician/magictape60,https://www.mixesdb.com/w/2016-04-05_-_The_Magician_-_Magic_Tape_60,,,11
172,2016-05,2016-05-10,Magic Tape,Magic Tape 61,The Magician,https://soundcloud.com/themagician/magic-tape-61,https://www.mixesdb.com/w/2016-05-10_-_The_Magician_-_Magic_Tape_61,,,13
171,2016-06,2016-06-14,Magic Tape,Magic Tape 62,The Magician,https://soundcloud.com/themagician/magic-tape-62,https://www.mixesdb.com/w/2016-06-14_-_The_Magician_-_Magic_Tape_62,,,13
170,2016-07,2016-07-19,Magic Tape,Magic Tape 63 (Summer Edition),The Magician,https://soundcloud.com/themagician/magic-tape-63-summer-edition,https://www.mixesdb.com/w/2016-07-19_-_The_Magician_-_Magic_Tape_63_(Summer_Edition),,,13
169,2016-09,2016-09-06,Magic Tape,Magic Tape 64,The Magician,https://soundcloud.com/themagician/magic-tape-64,https://www.mixesdb.com/w/2016-09-06_-_The_Magician_-_Magic_Tape_64,,,14
168,2016-10,2016-10-18,Magic Tape,Magic Tape 65,The Magician,https://soundcloud.com/themagician/magic-tape-65,https://www.mixesdb.com/w/2016-10-18_-_The_Magician_-_Magic_Tape_65,,,13
167,2016-11,2016-11-15,Magic Tape,Magic Tape 66,The Magician,https://soundcloud.com/themagician/magic-tape-66,https://www.mixesdb.com/w/2016-11-15_-_The_Magician_-_Magic_Tape_66,,,13
166,2017-01,2017-01-17,Magic Tape,Magic Tape 67,The Magician,https://soundcloud.com/themagician/magic-tape-67,https://www.mixesdb.com/w/2017-01-17_-_The_Magician_-_Magic_Tape_67,,,13
165,2017-02,2017-02-14,Magic Tape,Magic Tape 68,The Magician,https://soundcloud.com/themagician/magic-tape-68,https://www.mixesdb.com/w/2017-02-14_-_The_Magician_-_Magic_Tape_68,,,13
164,2017-03,2017-03-21,Magic Tape,Magic Tape 69,The Magician,https://soundcloud.com/themagician/magic-tape-69,"https://www.mixesdb.com/w/2017-03-21_-_The_Magician_@_Unknown_Gig,_NYC_(Magic_Tape_69)",,,14
163,2017-04,2017-04-25,Magic Tape,Magic Tape 70,The Magician,https://soundcloud.com/themagician/magic-tape-70,https://www.mixesdb.com/w/2017-04-25_-_The_Magician_-_Magic_Tape_70,,,12
162,2017-05,2017-05-24,Magic Tape,Magic Tape 71,The Magician,https://soundcloud.com/themagician/magic-tape-71,https://www.mixesdb.com/w/2017-05-24_-_The_Magician_-_Magic_Tape_71,,,13
161,2017-06,2017-06-21,Magic Tape,Magic Tape 72,The Magician,https://soundcloud.com/themagician/magic-tape-72,https://www.mixesdb.com/w/2017-06-21_-_The_Magician_-_Magic_Tape_72,,,13
160,2017-08,2017-08-29,Magic Tape,Magic Tape 73,The Magician,https://soundcloud.com/themagician/magic-tape-73,https://www.mixesdb.com/w/2017-08-29_-_The_Magician_-_Magic_Tape_73,,,13
159,2017-09,2017-09-26,Magic Tape,Magic Tape 74,The Magician,https://soundcloud.com/themagician/magic-tape-74,https://www.mixesdb.com/w/2017-09-26_-_The_Magician_-_Magic_Tape_74,,,14
158,2017-10,,Magic Tape,Magic Tape 75 (Live at Amsterdam Dance Event 2017),The Magician,https://soundcloud.com/themagician/magic-tape-75-live-at-amsterdam-dance-event-2017,,,,0
157,2017-11,,Magic Tape,Magic Tape 76,The Magician,https://soundcloud.com/themagician/magic-tape-76,,,,0
156,2018-02,,Magic Tape,Magic Tape 77,The Magician,https://soundcloud.com/themagician/magic-tape-77,,,,0
155,2018-03,,Magic Tape,Magic Tape 78 (Recorded live in Miami),The Magician,https://soundcloud.com/themagician/magictape78,,,,0
154,2018-04,,Magic Tape,Magic Tape 79,The Magician,https://soundcloud.com/themagician/magic-tape-79,,,,0
153,2018-05,,Magic Tape,Magic Tape 80,The Magician,https://soundcloud.com/themagician/magic-tape-80,,,,0
152,2018-06,,Magic Tape,Magic Tape 81,The Magician,https://soundcloud.com/themagician/magic-tape-81,,,,0
151,2018-08,,Magic Tape,Magic Tape 82,The Magician,https://soundcloud.com/themagician/magic-tape-82,,,,0
150,2018-09,,Magic Tape,Magic Tape 83,The Magician,https://soundcloud.com/themagician/magic-tape-83,,,,0
149,2018-10,,Magic Tape,Magic Tape 84,The Magician,https://soundcloud.com/themagician/magic-tape-84,,,,0
148,2018-11,,Magic Tape,Magic Tape 85,The Magician,https://soundcloud.com/themagician/magic-tape-85,,,,0
147,2019-01,,Magic Tape,Magic Tape 86,The Magician,https://soundcloud.com/themagician/magic-tape-86,,,,0
146,2019-02,2019-02-12,Magic Tape,Magic Tape 87,The Magician,https://soundcloud.com/themagician/magic-tape-87,https://www.mixesdb.com/w/2019-02-12_-_The_Magician_-_Magic_Tape_87,,,15
145,2019-03,2019-03-19,Magic Tape,Magic Tape 88,The Magician,https://soundcloud.com/themagician/magic-tape-88,https://www.mixesdb.com/w/2019-03-19_-_The_Magician_-_Magic_Tape_88,,,14
144,2019-04,2019-04-23,Magic Tape,Magic Tape 89,The Magician,https://soundcloud.com/themagician/magic-tape-89,https://www.mixesdb.com/w/2019-04-23_-_The_Magician_-_Magic_Tape_89,,,13
143,2019-05,2019-05-21,Magic Tape,Magic Tape 90,The Magician,https://soundcloud.com/themagician/magic-tape-90,https://www.mixesdb.com/w/2019-05-21_-_The_Magician_-_Magic_Tape_90,,,14
142,2019-07,2019-07-30,Magic Tape,Magic Tape 91,The Magician,https://soundcloud.com/themagician/magic-tape-91,https://www.mixesdb.com/w/2019-07-30_-_The_Magician_-_Magic_Tape_91,,,13
141,2019-09,2019-09-03,Magic Tape,Magic Tape 92,The Magician,https://soundcloud.com/themagician/magic-tape-92,https://www.mixesdb.com/w/2019-09-03_-_The_Magician_-_Magic_Tape_92,,,13
140,2019-10,2019-10-15,Magic Tape,Magic Tape 93,The Magician,https://soundcloud.com/themagician/magic-tape-93,https://www.mixesdb.com/w/2019-10-15_-_The_Magician_-_Magic_Tape_93,,,11
139,2019-11,,Magic Tape,Magic Tape 94,The Magician,https://soundcloud.com/themagician/magic-tape-94,,,,0
138,2020-01,,Magic Tape,Magic Tape 95,The Magician,https://soundcloud.com/themagician/magic-tape-95,,,,0
137,2020-03,,Magic Tape,Magic Tape 96,The Magician,https://soundcloud.com/themagician/magic-tape-96,,,,0
136,2020-06,,Magic Tape,Magic Tape 97,The Magician,https://soundcloud.com/themagician/mt-97,,,,0
135,2020-09,,Magic Tape,Magic Tape 98,The Magician,https://soundcloud.com/themagician/magic-tape-98,,,,0
134,2020-11,,Magic Tape,Magic Tape 99,The Magician,https://soundcloud.com/themagician/magic-tape-99,,,,0
133,2021-01,,Magic Tape,Magic Tape 100 (Live from the release party at Le Sacré in Paris),The Magician,https://soundcloud.com/themagician/magic-tape-100-live-from-the-magic-tape-100-release-party-at-le-sacre-in-paris,,,,0
132,2021-04,,Magic Tape,Magic Tape 101,The Magician,https://soundcloud.com/themagician/magic-tape-101,,,,0
130,2021-06,,Magic Tape,Magic Tape 103 (Special Italian Summer Love),The Magician,https://soundcloud.com/themagician/magic-tape-103-special-italian-summer-love,,,,0
131,2021-06,,Magic Tape,Magic Tape 102,The Magician,https://soundcloud.com/themagician/magic-tape-102,,,,0
129,2021-09,,Magic Tape,Magic Tape 104,The Magician,https://soundcloud.com/themagician/magic-tape-104,,,,0
128,2021-10,,Magic Tape,Magic Tape 105,The Magician,https://soundcloud.com/themagician/magic-tape-105,,,,0
127,2021-11,,Magic Tape,Magic Tape 106,The Magician,https://soundcloud.com/themagician/magic-tape-106,,,,0
126,2021-12,,Magic Tape,Magic Tape 107,The Magician,https://soundcloud.com/themagician/magic-tape-107,,,,0
125,2022-02,,Magic Tape,Magic Tape 108,The Magician,https://soundcloud.com/themagician/magic-tape-108,,,,0
124,2022-03,,Magic Tape,Magic Tape 109,The Magician,https://soundcloud.com/themagician/magic-tape-109,,,,0
123,2022-05,2022-05-31,Magic Tape,Magic Tape 110,The Magician,https://soundcloud.com/themagician/magic-tape-110,https://www.mixesdb.com/w/2022-05-31_-_The_Magician_-_Magic_Tape_110,,,14
122,2022-06,2022-06-28,Magic Tape,Magic Tape 111,The Magician,https://soundcloud.com/themagician/magic-tape-111,https://www.mixesdb.com/w/2022-06-28_-_The_Magician_-_Magic_Tape_111,,,15
120,2022-08,2022-08-30,Magic Tape,Magic Tape 113,The Magician,https://soundcloud.com/themagician/magic-tape-113,https://www.mixesdb.com/w/2022-08-30_-_The_Magician_-_Magic_Tape_113,,,13
121,2022-08,2022-08-02,Magic Tape,Magic Tape 112,The Magician,https://soundcloud.com/themagician/magic-tape-112,https://www.mixesdb.com/w/2022-08-02_-_The_Magician_-_Magic_Tape_112,,,12
119,2022-09,2022-09-27,Magic Tape,Magic Tape 114,The Magician,https://soundcloud.com/themagician/magic-tape-114,https://www.mixesdb.com/w/2022-09-27_-_The_Magician_-_Magic_Tape_114,,,12
118,2022-10,2022-10-31,Magic Tape,Magic Tape 115,The Magician,https://soundcloud.com/themagician/magic-tape-115,https://www.mixesdb.com/w/2022-10-31_-_The_Magician_-_Magic_Tape_115,,,13
117,2023-02,2023-02-07,Magic Tape,Magic Tape 116,The Magician,https://soundcloud.com/themagician/magic-tape-116,https://www.mixesdb.com/w/2023-02-07_-_The_Magician_-_Magic_Tape_116,,,15
116,2023-05,2023-05-03,Magic Tape,Magic Tape 117,The Magician,https://soundcloud.com/themagician/magic-tape-117,https://www.mixesdb.com/w/2023-05-03_-_The_Magician_-_Magic_Tape_117,,,12
115,2023-06,2023-06-27,Magic Tape,Magic Tape 118,The Magician,https://soundcloud.com/themagician/magic-tape-118,https://www.mixesdb.com/w/2023-06-27_-_The_Magician_-_Magic_Tape_118,,,13
114,2023-09,2023-09-06,Magic Tape,Magic Tape 119,The Magician,https://soundcloud.com/themagician/magic-tape-119,https://www.mixesdb.com/w/2023-09-06_-_The_Magician_-_Magic_Tape_119,,,15
113,2023-10,2023-10-26,Magic Tape,Magic Tape 120 (Special B2B w/ A-Trak),The Magician,https://soundcloud.com/themagician/magic-tape-120-special-b2b-w-a-trak,https://www.mixesdb.com/w/2023-10-26_-_The_Magician_b2b_A-Track_-_Magic_Tape_120,,,14
112,2024-02,2024-02-27,Magic Tape,Magic Tape 121,The Magician,https://soundcloud.com/themagician/magic-tape-121,https://www.mixesdb.com/w/2024-02-27_-_The_Magician_-_Magic_Tape_121,https://i1.sndcdn.com/artworks-0YXvytdc4BlrMiNe-e4YCFw-t500x500.jpg,"<iframe width=""100%"" height=""400"" scrolling=""no"" frameborder=""no"" src=""https://w.soundcloud.com/player/?visual=true&url=https%3A%2F%2Fapi.soundcloud.com%2Ftracks%2F1756186605&show_artwork=true""></iframe>",14
111,2024-03,2024-03-26,Magic Tape,Magic Tape 122,The Magician,https://soundcloud.com/themagician/magic-tape-122,https://www.mixesdb.com/w/2024-03-26_-_The_Magician_-_Magic_Tape_122,https://i1.sndcdn.com/artworks-2qlKRtvsy09EjP9L-4wE8UA-t500x500.jpg,"<iframe width=""100%"" height=""400"" scrolling=""no"" frameborder=""no"" src=""https://w.soundcloud.com/player/?visual=true&url=https%3A%2F%2Fapi.soundcloud.com%2Ftracks%2F1784955669&show_artwork=true""></iframe>",13
110,2025-02,2025-02-11,Magic Tape,Magic Tape 123,The Magician,https://soundcloud.com/themagician/magic-tape-123,https://www.mixesdb.com/w/2025-02-11_-_The_Magician_-_Magic_Tape_123,https://i1.sndcdn.com/artworks-mC1ZvFEGEZKStZf5-Q3lJ2A-t500x500.jpg,"<iframe width=""100%"" height=""400"" scrolling=""no"" frameborder=""no"" src=""https://w.soundcloud.com/player/?visual=true&url=https%3A%2F%2Fapi.soundcloud.com%2Ftracks%2F2031523932&show_artwork=true""></iframe>",14
109,2025-03,2025-03-18,Magic Tape,Magic Tape 124,The Magician,https://soundcloud.com/themagician/magic-tape-124,https://www.mixesdb.com/w/2025-03-18_-_The_Magician_-_Magic_Tape_124,https://i1.sndcdn.com/artworks-EdKSI6azsj48qnpI-qwjy1g-t500x500.jpg,"<iframe width=""100%"" height=""400"" scrolling=""no"" frameborder=""no"" src=""https://w.soundcloud.com/player/?visual=true&url=https%3A%2F%2Fapi.soundcloud.com%2Ftracks%2F2057038052&show_artwork=true""></iframe>",12
108,2025-04,2025-04-29,Magic Tape,Magic Tape 125,The Magician,https://soundcloud.com/themagician/magic-tape-125,https://www.mixesdb.com/w/2025-04-29_-_The_Magician_-_Magic_Tape_125,https://i1.sndcdn.com/artworks-5X1Vneq5J4uczMVy-0hoPEw-t500x500.jpg,"<iframe width=""100%"" height=""400"" scrolling=""no"" frameborder=""no"" src=""https://w.soundcloud.com/player/?visual=true&url=https%3A%2F%2Fapi.soundcloud.com%2Ftracks%2F2086531227&show_artwork=true""></iframe>",12
107,2025-06,2025-06-17,Magic Tape,Magic Tape 126,The Magician,https://soundcloud.com/themagician/magic-tape-126,https://www.mixesdb.com/w/2025-06-17_-_The_Magician_-_Magic_Tape_126,https://i1.sndcdn.com/artworks-u3I3MkqPdzyHFHBP-5WqoXg-t500x500.jpg,"<iframe width=""100%"" height=""400"" scrolling=""no"" frameborder=""no"" src=""https://w.soundcloud.com/player/?visual=true&url=https%3A%2F%2Fapi.soundcloud.com%2Ftracks%2F2112758373&show_artwork=true""></iframe>",12
106,2025-07,2025-07-29,Magic Tape,Magic Tape 127,The Magician,https://soundcloud.com/themagician/magic-tape-127,https://www.mixesdb.com/w/2025-07-29_-_The_Magician_-_Magic_Tape_127,https://i1.sndcdn.com/artworks-uIkCc0GC2Qkn3f3t-JbTpUA-t500x500.jpg,"<iframe width=""100%"" height=""400"" scrolling=""no"" frameborder=""no"" src=""https://w.soundcloud.com/player/?visual=true&url=https%3A%2F%2Fapi.soundcloud.com%2Ftracks%2F2137767240&show_artwork=true""></iframe>",16
105,2025-09,2025-09-16,Magic Tape,Magic Tape 128,The Magician,https://soundcloud.com/themagician/magic-tape-128,https://www.mixesdb.com/w/2025-09-16_-_The_Magician_-_Magic_Tape_128,https://i1.sndcdn.com/artworks-p7eNkmMYO1XXSEgk-gZQiXg-t500x500.jpg,"<iframe width=""100%"" height=""400"" scrolling=""no"" frameborder=""no"" src=""https://w.soundcloud.com/player/?visual=true&url=https%3A%2F%2Fapi.soundcloud.com%2Ftracks%2F2169348789&show_artwork=true""></iframe>",12
104,2025-10,2025-10-16,Magic Tape,Magic Tape 129,The Magician,https://soundcloud.com/themagician/magic-tape-129,https://www.mixesdb.com/w/2025-10-16_-_The_Magician_-_Magic_Tape_129,https://i1.sndcdn.com/artworks-HRhHkqz4hJHtJWpb-mnAZmQ-t500x500.jpg,"<iframe width=""100%"" height=""400"" scrolling=""no"" frameborder=""no"" src=""https://w.soundcloud.com/player/?visual=true&url=https%3A%2F%2Fapi.soundcloud.com%2Ftracks%2F2191345103&show_artwork=true""></iframe>",14
103,2025-11,2025-11-13,Magic Tape,Magic Tape 130,The Magician,https://soundcloud.com/themagician/magic-tape-130,https://www.mixesdb.com/w/2025-11-13_-_The_Magician_-_Magic_Tape_130,https://i1.sndcdn.com/artworks-Gpv2JUxyzb8zk4o1-MWaLkQ-t500x500.jpg,"<iframe width=""100%"" height=""400"" scrolling=""no"" frameborder=""no"" src=""https://w.soundcloud.com/player/?visual=true&url=https%3A%2F%2Fapi.soundcloud.com%2Ftracks%2F2211444353&show_artwork=true""></iframe>",13
102,2026-01,2026-01-29,Magic Tape,MAGIC TAPE 131,The Magician,https://soundcloud.com/themagician/magic-tape-131,https://www.mixesdb.com/w/2026-01-29_-_The_Magician_-_Magic_Tape_131,https://i1.sndcdn.com/artworks-ZxMcW1c43q2Rjy24-J5qMnw-t500x500.jpg,"<iframe width=""100%"" height=""400"" scrolling=""no"" frameborder=""no"" src=""https://w.soundcloud.com/player/?visual=true&url=https%3A%2F%2Fapi.soundcloud.com%2Ftracks%2F2256247886&show_artwork=true""></iframe>",13
101,2026-03,2026-03-12,Magic Tape,MAGIC TAPE 132,The Magician,https://soundcloud.com/themagician/magic-tape-132,https://www.mixesdb.com/w/2026-03-12_-_The_Magician_-_Magic_Tape_132,https://i1.sndcdn.com/artworks-eD3eRE8jRYLNk1E2-jfiCBA-t500x500.jpg,"<iframe width=""100%"" height=""400"" scrolling=""no"" frameborder=""no"" src=""https://w.soundcloud.com/player/?visual=true&url=https%3A%2F%2Fapi.soundcloud.com%2Ftracks%2F2281987757&show_artwork=true""></iframe>",13
100,2017-01,,Only 100s,The Aston Shuffle Presents Only 100s - January 2017,Only 100s,https://soundcloud.com/itsonly100s/january-2017,,,,0
99,2017-02,,Only 100s,The Aston Shuffle Presents Only 100s - February 2017,Only 100s,https://soundcloud.com/itsonly100s/february-2017,,,,0
98,2017-03,,Only 100s,The Aston Shuffle Presents Only 100s - March 2017,Only 100s,https://soundcloud.com/itsonly100s/march-2017,,,,0
97,2017-04,,Only 100s,The Aston Shuffle Presents Only 100s - April 2017,Only 100s,https://soundcloud.com/itsonly100s/only-100s-april-2017,,,,0
96,2017-05,,Only 100s,The Aston Shuffle Presents Only 100s - May 2017,Only 100s,https://soundcloud.com/itsonly100s/may-2017,,,,0
95,2017-07,,Only 100s,The Aston Shuffle Presents Only 100s - July 2017,Only 100s,https://soundcloud.com/itsonly100s/july-2017,,,,0
94,2017-08,,Only 100s,The Aston Shuffle Presents Only 100s - August 2017,Only 100s,https://soundcloud.com/itsonly100s/august-2017,,,,0
93,2017-09,,Only 100s,The Aston Shuffle Presents Only 100s - September 2017,Only 100s,https://soundcloud.com/itsonly100s/september-2017,,,,0
92,2017-10,,Only 100s,The Aston Shuffle Presents Only 100s - October 2017,Only 100s,https://soundcloud.com/itsonly100s/october-2017,,,,0
91,2017-11,,Only 100s,The Aston Shuffle Presents Only 100s - November 2017,Only 100s,https://soundcloud.com/itsonly100s/november-2017,,,,0
90,2018-01,,Only 100s,The Aston Shuffle Presents Only 100s - January 2018,Only 100s,https://soundcloud.com/itsonly100s/the-aston-shuffle-presents-only-100s-jan-2018,,,,0
89,2018-02,,Only 100s,The Aston Shuffle Presents Only 100s - February 2018,Only 100s,https://soundcloud.com/itsonly100s/the-aston-shuffle-presents-only-100s-february-2018,,,,0
88,2018-03,,Only 100s,The Aston Shuffle Presents Only 100s - March 2018,Only 100s,https://soundcloud.com/itsonly100s/the-aston-shuffle-presents-only-100s-march-2018,,,,0
87,2018-04,,Only 100s,The Aston Shuffle Presents Only 100s - April 2018,Only 100s,https://soundcloud.com/itsonly100s/the-aston-shuffle-presents-only-100s-april-2018,,,,0
86,2018-05,,Only 100s,The Aston Shuffle Presents Only 100s - May 2018,Only 100s,https://soundcloud.com/itsonly100s/the-aston-shuffle-presents-only-100s-may-2018,,,,0
85,2018-06,,Only 100s,The Aston Shuffle Presents Only 100s - June 2018,Only 100s,https://soundcloud.com/itsonly100s/the-aston-shuffle-presents-only-100s-june-2018,,,,0
84,2018-07,,Only 100s,The Aston Shuffle Presents Only 100s - July 2018,Only 100s,https://soundcloud.com/itsonly100s/the-aston-shuffle-presents-only-100s-july-2018,,,,0
83,2018-08,,Only 100s,The Aston Shuffle Presents Only 100s - August 2018,Only 100s,https://soundcloud.com/itsonly100s/only-100s-august-2018,,,,0
82,2018-09,,Only 100s,The Aston Shuffle Presents Only 100s - September 2018,Only 100s,https://soundcloud.com/itsonly100s/only-100s-september-2018,,,,0
81,2018-10,,Only 100s,The Aston Shuffle Presents Only 100s - October 2018,Only 100s,https://soundcloud.com/itsonly100s/only-100s-october-2018,,,,0
80,2018-11,,Only 100s,The Aston Shuffle Presents Only 100s - November 2018,Only 100s,https://soundcloud.com/itsonly100s/only-100s-november-2018,,,,0
79,2019-01,,Only 100s,The Aston Shuffle Presents Only 100s - January 2019,Only 100s,https://soundcloud.com/itsonly100s/the-aston-shuffle-presents-only-100s-january-2019,,,,0
78,2019-02,,Only 100s,The Aston Shuffle Presents Only 100s - February 2019,Only 100s,https://soundcloud.com/itsonly100s/the-aston-shuffle-presents-only-100s-february-2019,,,,0
77,2019-03,,Only 100s,The Aston Shuffle Presents Only 100s - March 2019,Only 100s,https://soundcloud.com/itsonly100s/only-100s-march-2019,,,,0
76,2019-04,,Only 100s,The Aston Shuffle Presents Only 100s - April 2019,Only 100s,https://soundcloud.com/itsonly100s/the-aston-shuffle-presents-only-100s-april-2019,,,,0
75,2019-06,,Only 100s,The Aston Shuffle Presents Only 100s - June 2019,Only 100s,https://soundcloud.com/itsonly100s/the-aston-shuffle-presents-only-100s-june-2019,,,,0
74,2019-07,,Only 100s,The Aston Shuffle Presents Only 100s - July 2019,Only 100s,https://soundcloud.com/itsonly100s/the-aston-shuffle-presents-only-100s-july-2019,,,,0
73,2019-08,,Only 100s,The Aston Shuffle Presents Only 100s - August 2019,Only 100s,https://soundcloud.com/itsonly100s/the-aston-shuffle-presents-only-100s-august-2019,,,,0
72,2019-09,,Only 100s,The Aston Shuffle Presents Only 100s - September 2019,Only 100s,https://soundcloud.com/itsonly100s/only-100s-september-2019,,,,0
71,2019-10,2019-11-01,Only 100s,The Aston Shuffle Presents Only 100s - October 2019,Only 100s,https://soundcloud.com/itsonly100s/the-aston-shuffle-presents-only-100s-october-2019,https://www.mixesdb.com/w/2019-11-01_-_The_Aston_Shuffle_-_Only_100s_October_2019,,,16
70,2019-11,2019-11-29,Only 100s,The Aston Shuffle Presents Only 100s - November 2019,Only 100s,https://soundcloud.com/itsonly100s/the-aston-shuffle-presents-only-100s-november-2019,https://www.mixesdb.com/w/2019-11-29_-_The_Aston_Shuffle_-_Only_100s_November_2019,,,16
69,2020-01,2020-02-03,Only 100s,The Aston Shuffle Presents Only 100s - January 2020,Only 100s,https://soundcloud.com/itsonly100s/the-aston-shuffle-presents-only-100s-january-2020,https://www.mixesdb.com/w/2020-02-03_-_The_Aston_Shuffle_-_Only_100s_January_2020,,,18
68,2020-02,2020-02-28,Only 100s,The Aston Shuffle Presents Only 100s - February 2020,Only 100s,https://soundcloud.com/itsonly100s/the-aston-shuffle-presents-only-100s-february-2020,https://www.mixesdb.com/w/2020-02-28_-_The_Aston_Shuffle_-_Only_100s_February_2020,,,16
67,2020-03,,Only 100s,The Aston Shuffle Presents Only 100s - March 2020,Only 100s,https://soundcloud.com/itsonly100s/only-100s-march-2020,,,,0
66,2020-04,,Only 100s,The Aston Shuffle Presents Only 100s - April 2020,Only 100s,https://soundcloud.com/itsonly100s/only-100s-april-2020,,,,0
65,2020-05,,Only 100s,The Aston Shuffle Presents Only 100s - May 2020,Only 100s,https://soundcloud.com/itsonly100s/the-aston-shuffle-presents-only-100s-may-2020,,,,0
64,2020-06,,Only 100s,The Aston Shuffle Presents Only 100s - June 2020,Only 100s,https://soundcloud.com/itsonly100s/only-100s-june-2020,,,,0
63,2020-07,,Only 100s,The Aston Shuffle Presents Only 100s - July 2020,Only 100s,https://soundcloud.com/itsonly100s/the-aston-shuffle-presents-only-100s-july-2020,,,,0
62,2020-08,2020-08-27,Only 100s,The Aston Shuffle Presents Only 100s - August 2020,Only 100s,https://soundcloud.com/itsonly100s/the-aston-shuffle-presents-only-100s-august-2020,https://www.mixesdb.com/w/2020-08-27_-_The_Aston_Shuffle_-_Only_100s_August_2020,,,14
61,2020-09,,Only 100s,The Aston Shuffle Presents Only 100s - September 2020,Only 100s,https://soundcloud.com/itsonly100s/the-aston-shuffle-presents-only-100s-september-2020,,,,0
60,2020-10,,Only 100s,The Aston Shuffle Presents Only 100s - October 2020,Only 100s,https://soundcloud.com/itsonly100s/the-aston-shuffle-presents-only-100s-october-2020,,,,0
59,2020-11,,Only 100s,The Aston Shuffle Presents Only 100s - November 2020,Only 100s,https://soundcloud.com/itsonly100s/only-100s-november-2020,,,,0
58,2021-01,2021-01-31,Only 100s,The Aston Shuffle Presents Only 100s - January 2021,Only 100s,https://soundcloud.com/itsonly100s/only-100s-jan-2021,https://www.mixesdb.com/w/2021-01-31_-_The_Aston_Shuffle_-_Only_100s_January_2021,,,14
57,2021-02,2021-03-01,Only 100s,The Aston Shuffle Presents Only 100s - February 2021,Only 100s,https://soundcloud.com/itsonly100s/only-100s-february-2021,https://www.mixesdb.com/w/2021-03-01_-_The_Aston_Shuffle_-_Only_100s_February_2021,,,14
56,2021-03,2021-03-30,Only 100s,The Aston Shuffle Presents Only 100s - March 2021,Only 100s,https://soundcloud.com/itsonly100s/the-aston-shuffle-presents-only-100s-march-2021,https://www.mixesdb.com/w/2021-03-30_-_The_Aston_Shuffle_-_Only_100s_March_2021,,,14
55,2021-04,2021-04-29,Only 100s,The Aston Shuffle Presents Only 100s - April 2021,Only 100s,https://soundcloud.com/itsonly100s/the-aston-shuffle-presents-only-100s-april-2021,https://www.mixesdb.com/w/2021-04-29_-_The_Aston_Shuffle_-_Only_100s_April_2021,,,13
54,2021-05,2021-05-31,Only 100s,The Aston Shuffle Presents Only 100s - May 2021,Only 100s,https://soundcloud.com/itsonly100s/the-aston-shuffle-presents-only-100s-may-2021,https://www.mixesdb.com/w/2021-05-31_-_The_Aston_Shuffle_-_Only_100s_May_2021,,,15
53,2021-06,2021-07-05,Only 100s,The Aston Shuffle Presents Only 100s - June 2021,Only 100s,https://soundcloud.com/itsonly100s/the-aston-shuffle-presents-only-100s-june-2021,https://www.mixesdb.com/w/2021-07-05_-_The_Aston_Shuffle_-_Only_100s_June_2021,,,13
52,2021-07,2021-07-30,Only 100s,The Aston Shuffle Presents Only 100s - July 2021,Only 100s,https://soundcloud.com/itsonly100s/the-aston-shuffle-presents-only-100s-july-2021,https://www.mixesdb.com/w/2021-07-30_-_The_Aston_Shuffle_-_Only_100s_July_2021,,,13
51,2021-08,2021-08-31,Only 100s,The Aston Shuffle Presents Only 100s - August 2021,Only 100s,https://soundcloud.com/itsonly100s/the-aston-shuffle-presents-only-100s-august-2021,https://www.mixesdb.com/w/2021-08-31_-_The_Aston_Shuffle_-_Only_100s_August_2021,,,15
50,2021-09,2021-10-06,Only 100s,The Aston Shuffle Presents Only 100s - September 2021,Only 100s,https://soundcloud.com/itsonly100s/the-aston-shuffle-presents-only-100s-september-2021,https://www.mixesdb.com/w/2021-10-06_-_The_Aston_Shuffle_-_Only_100s_September_2021,,,14
49,2021-10,2021-10-28,Only 100s,The Aston Shuffle Presents Only 100s - October 2021,Only 100s,https://soundcloud.com/itsonly100s/the-aston-shuffle-presents-only-100s-october-2021,https://www.mixesdb.com/w/2021-10-28_-_The_Aston_Shuffle_-_Only_100s_October_2021,,,15
48,2021-11,2021-11-29,Only 100s,The Aston Shuffle Presents Only 100s - November 2021,Only 100s,https://soundcloud.com/itsonly100s/the-aston-shuffle-presents-only-100s-november-2021,https://www.mixesdb.com/w/2021-11-29_-_The_Aston_Shuffle_-_Only_100s_November_2021,,,14
47,2022-01,2022-01-31,Only 100s,The Aston Shuffle Presents Only 100s - January 2022,Only 100s,https://soundcloud.com/itsonly100s/the-aston-shuffle-presents-only-100s-january-2022,https://www.mixesdb.com/w/2022-01-31_-_The_Aston_Shuffle_-_Only_100s_January_2022,,,13
46,2022-02,2022-02-25,Only 100s,The Aston Shuffle Presents Only 100s - February 2022,Only 100s,https://soundcloud.com/itsonly100s/the-aston-shuffle-presents-only-100s-february-2022,https://www.mixesdb.com/w/2022-02-25_-_The_Aston_Shuffle_-_Only_100s_February_2022,,,13
45,2022-03,2022-04-08,Only 100s,The Aston Shuffle Presents Only 100s - March 2022,Only 100s,https://soundcloud.com/itsonly100s/only-100s-march-2022,https://www.mixesdb.com/w/2022-04-08_-_The_Aston_Shuffle_-_Only_100s_March_2022,,,14
44,2022-04,2022-04-28,Only 100s,The Aston Shuffle Presents Only 100s - April 2022,Only 100s,https://soundcloud.com/itsonly100s/the-aston-shuffle-presents-only-100s-april-2022,https://www.mixesdb.com/w/2022-04-28_-_The_Aston_Shuffle_-_Only_100s_April_2022,,,13
43,2022-05,2022-05-26,Only 100s,The Aston Shuffle Presents Only 100s - May 2022,Only 100s,https://soundcloud.com/itsonly100s/only-100s-may-2022,https://www.mixesdb.com/w/2022-05-26_-_The_Aston_Shuffle_-_Only_100s_May_2022,,,14
42,2022-06,2022-07-08,Only 100s,The Aston Shuffle Presents Only 100s - June 2022,Only 100s,https://soundcloud.com/itsonly100s/only-100s-june-2022,https://www.mixesdb.com/w/2022-07-08_-_The_Aston_Shuffle_-_Only_100s_June_2022,,,14
41,2022-07,2022-07-28,Only 100s,The Aston Shuffle Presents Only 100s - July 2022,Only 100s,https://soundcloud.com/itsonly100s/the-aston-shuffle-presents-only-100s-july-2022,https://www.mixesdb.com/w/2022-07-28_-_The_Aston_Shuffle_-_Only_100s_July_2022,,,16
40,2022-08,2022-08-30,Only 100s,The Aston Shuffle Presents Only 100s - August 2022,Only 100s,https://soundcloud.com/itsonly100s/the-aston-shuffle-presents-only-100s-august-2022,https://www.mixesdb.com/w/2022-08-30_-_The_Aston_Shuffle_-_Only_100s_August_2022,,,14
39,2022-09,2022-09-28,Only 100s,The Aston Shuffle Presents Only 100s - September 2022,Only 100s,https://soundcloud.com/itsonly100s/the-aston-shuffle-presents-only-100s-september-2022,https://www.mixesdb.com/w/2022-09-28_-_The_Aston_Shuffle_-_Only_100s_September_2022,,,16
38,2022-10,2022-10-27,Only 100s,The Aston Shuffle Presents Only 100s - October 2022,Only 100s,https://soundcloud.com/itsonly100s/the-aston-shuffle-presents-only-100s-october-2022,https://www.mixesdb.com/w/2022-10-27_-_The_Aston_Shuffle_-_Only_100s_October_2022,,,15
37,2022-11,2022-11-29,Only 100s,The Aston Shuffle Presents Only 100s - November 2022,Only 100s,https://soundcloud.com/itsonly100s/the-aston-shuffle-presents-only-100s-november-2022,https://www.mixesdb.com/w/2022-11-29_-_The_Aston_Shuffle_-_Only_100s_November_2022,,,14
36,2023-01,2023-02-01,Only 100s,The Aston Shuffle Presents Only 100s - January 2023,Only 100s,https://soundcloud.com/itsonly100s/the-aston-shuffle-presents-only-100s-january-2023,https://www.mixesdb.com/w/2023-02-01_-_The_Aston_Shuffle_-_Only_100s_January_2023,,,15
35,2023-02,2023-02-27,Only 100s,The Aston Shuffle Presents Only 100s - February 2023,Only 100s,https://soundcloud.com/itsonly100s/the-aston-shuffle-presents-only-100s-february-2023,https://www.mixesdb.com/w/2023-02-27_-_The_Aston_Shuffle_-_Only_100s_February_2023,,,15
34,2023-03,2023-03-30,Only 100s,The Aston Shuffle Presents Only 100s - March 2023,Only 100s,https://soundcloud.com/itsonly100s/the-aston-shuffle-presents-only-100s-march-2023,https://www.mixesdb.com/w/2023-03-30_-_The_Aston_Shuffle_-_Only_100s_March_2023,,,17
33,2023-04,2023-04-26,Only 100s,The Aston Shuffle Presents Only 100s - April 2023,Only 100s,https://soundcloud.com/itsonly100s/the-aston-shuffle-presents-only-100s-april-2023,https://www.mixesdb.com/w/2023-04-26_-_The_Aston_Shuffle_-_Only_100s_April_2023,,,12
32,2023-05,2023-05-31,Only 100s,The Aston Shuffle Presents Only 100s - May 2023,Only 100s,https://soundcloud.com/itsonly100s/the-aston-shuffle-presents-only-100s-may-2023,https://www.mixesdb.com/w/2023-05-31_-_The_Aston_Shuffle_-_Only_100s_May_2023,,,16
31,2023-06,2023-06-29,Only 100s,The Aston Shuffle Presents Only 100s - June 2023,Only 100s,https://soundcloud.com/itsonly100s/the-aston-shuffle-presents-only-100s-june-2023,https://www.mixesdb.com/w/2023-06-29_-_The_Aston_Shuffle_-_Only_100s_June_2023,,,13
30,2023-07,2023-08-09,Only 100s,The Aston Shuffle Presents Only 100s - July 2023,Only 100s,https://soundcloud.com/itsonly100s/the-aston-shuffle-presents-only-100s-july-2023,https://www.mixesdb.com/w/2023-08-09_-_The_Aston_Shuffle_-_Only_100s_July_2023,,,13
29,2023-08,2023-09-06,Only 100s,The Aston Shuffle Presents Only 100s - August 2023,Only 100s,https://soundcloud.com/itsonly100s/the-aston-shuffle-presents-only-100s-august-2023,https://www.mixesdb.com/w/2023-09-06_-_The_Aston_Shuffle_-_Only_100s_August_2023,,,14
28,2023-09,2023-09-26,Only 100s,The Aston Shuffle Presents Only 100s - September 2023,Only 100s,https://soundcloud.com/itsonly100s/the-aston-shuffle-presents-only-100s-september-2023,https://www.mixesdb.com/w/2023-09-26_-_The_Aston_Shuffle_-_Only_100s_September_2023,,,14
27,2023-10,2023-11-01,Only 100s,The Aston Shuffle Presents Only 100s - October 2023,Only 100s,https://soundcloud.com/itsonly100s/the-aston-shuffle-presents-only-100s-october-2023,https://www.mixesdb.com/w/2023-11-01_-_The_Aston_Shuffle_-_Only_100s_October_2023,,,16
26,2023-11,2023-12-01,Only 100s,The Aston Shuffle Presents Only 100s - November 2023,Only 100s,https://soundcloud.com/itsonly100s/the-aston-shuffle-presents-only-100s-november-2023,https://www.mixesdb.com/w/2023-12-01_-_The_Aston_Shuffle_-_Only_100s_November_2023,,,12
25,2024-01,2024-01-31,Only 100s,January 2024 - Only 100s with The Aston Shuffle,Only 100s,https://soundcloud.com/itsonly100s/only-100s-with-the-aston-shuffle-january-2024,https://www.mixesdb.com/w/2024-01-31_-_The_Aston_Shuffle_-_Only_100s_January_2024,https://i1.sndcdn.com/artworks-Uz23Ayo3M9l61vX1-qUnujQ-t500x500.jpg,"<iframe width=""100%"" height=""400"" scrolling=""no"" frameborder=""no"" src=""https://w.soundcloud.com/player/?visual=true&url=https%3A%2F%2Fapi.soundcloud.com%2Ftracks%2F1728921654&show_artwork=true""></iframe>",15
24,2024-02,,Only 100s,February 2024 - Only 100s with The Aston Shuffle,Only 100s,https://soundcloud.com/itsonly100s/february-2024-only-100s-with-the-aston-shuffle,,https://i1.sndcdn.com/artworks-ApqtJynzvBRzYr6s-rIrZ0g-t500x500.jpg,"<iframe width=""100%"" height=""400"" scrolling=""no"" frameborder=""no"" src=""https://w.soundcloud.com/player/?visual=true&url=https%3A%2F%2Fapi.soundcloud.com%2Ftracks%2F1757126220&show_artwork=true""></iframe>",0
23,2024-03,,Only 100s,March 2024 - Only 100s with The Aston Shuffle,Only 100s,https://soundcloud.com/itsonly100s/march-2024-only-100s-with-the-aston-shuffle,,https://i1.sndcdn.com/artworks-zbu7bUwnwfvgEy5M-VgPjZQ-t500x500.jpg,"<iframe width=""100%"" height=""400"" scrolling=""no"" frameborder=""no"" src=""https://w.soundcloud.com/player/?visual=true&url=https%3A%2F%2Fapi.soundcloud.com%2Ftracks%2F1782069186&show_artwork=true""></iframe>",0
22,2024-04,,Only 100s,April 2024 - Only 100s with The Aston Shuffle,Only 100s,https://soundcloud.com/itsonly100s/april-2024-only-100s-with-the-aston-shuffle,,https://i1.sndcdn.com/artworks-HSHQYirnp074SLSz-KuPCRg-t500x500.jpg,"<iframe width=""100%"" height=""400"" scrolling=""no"" frameborder=""no"" src=""https://w.soundcloud.com/player/?visual=true&url=https%3A%2F%2Fapi.soundcloud.com%2Ftracks%2F1810699482&show_artwork=true""></iframe>",0
21,2024-05,,Only 100s,May 2024 - Only 100s with The Aston Shuffle,Only 100s,https://soundcloud.com/itsonly100s/may-2024-only-100s-with-the-aston-shuffle,,https://i1.sndcdn.com/artworks-oPRZYXZrRZQrCcN5-AilhQA-t500x500.jpg,"<iframe width=""100%"" height=""400"" scrolling=""no"" frameborder=""no"" src=""https://w.soundcloud.com/player/?visual=true&url=https%3A%2F%2Fapi.soundcloud.com%2Ftracks%2F1832416227&show_artwork=true""></iframe>",0
20,2024-06,,Only 100s,June 2024 - Only 100s with The Aston Shuffle,Only 100s,https://soundcloud.com/itsonly100s/june-2024-only-100s-with-the-aston-shuffle,,https://i1.sndcdn.com/artworks-T5NUzF3THj8uDiFz-oZVvlg-t500x500.jpg,"<iframe width=""100%"" height=""400"" scrolling=""no"" frameborder=""no"" src=""https://w.soundcloud.com/player/?visual=true&url=https%3A%2F%2Fapi.soundcloud.com%2Ftracks%2F1856660520&show_artwork=true""></iframe>",0
19,2024-07,,Only 100s,July 2024 - Only 100s with The Aston Shuffle,Only 100s,https://soundcloud.com/itsonly100s/july-2024-only-100s-with-the-aston-shuffle,,https://i1.sndcdn.com/artworks-pwZ7w5S8RA6JzbQt-MkfLnw-t500x500.jpg,"<iframe width=""100%"" height=""400"" scrolling=""no"" frameborder=""no"" src=""https://w.soundcloud.com/player/?visual=true&url=https%3A%2F%2Fapi.soundcloud.com%2Ftracks%2F1881821415&show_artwork=true""></iframe>",0
18,2024-08,,Only 100s,August 2024 - Only 100s with The Aston Shuffle,Only 100s,https://soundcloud.com/itsonly100s/august-2024-only-100s-with-the-aston-shuffle,,,,0
17,2024-09,,Only 100s,September 2024 - Only 100s with The Aston Shuffle,Only 100s,https://soundcloud.com/itsonly100s/september-2024-only-100s-with-the-aston-shuffle,,https://i1.sndcdn.com/artworks-DdumpCzAwRIa1J0V-mGETyA-t500x500.jpg,"<iframe width=""100%"" height=""400"" scrolling=""no"" frameborder=""no"" src=""https://w.soundcloud.com/player/?visual=true&url=https%3A%2F%2Fapi.soundcloud.com%2Ftracks%2F1927371239&show_artwork=true""></iframe>",0
16,2024-10,,Only 100s,October 2024 - Only 100s with The Aston Shuffle,Only 100s,https://soundcloud.com/itsonly100s/october-2024-only-100s-with-the-aston-shuffle,,https://i1.sndcdn.com/artworks-LBS3DZIS2fh97Lal-EJizWQ-t500x500.jpg,"<iframe width=""100%"" height=""400"" scrolling=""no"" frameborder=""no"" src=""https://w.soundcloud.com/player/?visual=true&url=https%3A%2F%2Fapi.soundcloud.com%2Ftracks%2F1944368035&show_artwork=true""></iframe>",0
15,2024-11,,Only 100s,November 2024 - Only 100s with The Aston Shuffle,Only 100s,https://soundcloud.com/itsonly100s/november-2024-only-100s-with-the-aston-shuffle,,https://i1.sndcdn.com/artworks-pg40dJNyKwK36IgA-s0Wc8Q-t500x500.jpg,"<iframe width=""100%"" height=""400"" scrolling=""no"" frameborder=""no"" src=""https://w.soundcloud.com/player/?visual=true&url=https%3A%2F%2Fapi.soundcloud.com%2Ftracks%2F1967988931&show_artwork=true""></iframe>",0
14,2025-01,,Only 100s,January 2025 - Only 100s with The Aston Shuffle,Only 100s,https://soundcloud.com/itsonly100s/january-2025-only-100s-with-the-aston-shuffle,,https://i1.sndcdn.com/artworks-lpcGBhtqefIcdulw-yO7Z6A-t500x500.jpg,"<iframe width=""100%"" height=""400"" scrolling=""no"" frameborder=""no"" src=""https://w.soundcloud.com/player/?visual=true&url=https%3A%2F%2Fapi.soundcloud.com%2Ftracks%2F2019777885&show_artwork=true""></iframe>",0
13,2025-02,,Only 100s,February 2025 - Only 100s with The Aston Shuffle,Only 100s,https://soundcloud.com/itsonly100s/february-2025-only-100s-with-the-aston-shuffle,,https://i1.sndcdn.com/artworks-jWsppllyxSEULcjm-QhECUA-t500x500.jpg,"<iframe width=""100%"" height=""400"" scrolling=""no"" frameborder=""no"" src=""https://w.soundcloud.com/player/?visual=true&url=https%3A%2F%2Fapi.soundcloud.com%2Ftracks%2F2040706628&show_artwork=true""></iframe>",0
12,2025-03,,Only 100s,March 2025 - Only 100s with The Aston Shuffle,Only 100s,https://soundcloud.com/itsonly100s/march-2025-only-100s-with-the-aston-shuffle,,https://i1.sndcdn.com/artworks-eDvKwzwBAzsVPhjg-VXxUyA-t500x500.jpg,"<iframe width=""100%"" height=""400"" scrolling=""no"" frameborder=""no"" src=""https://w.soundcloud.com/player/?visual=true&url=https%3A%2F%2Fapi.soundcloud.com%2Ftracks%2F2067909724&show_artwork=true""></iframe>",0
11,2025-04,,Only 100s,April 2025 - Only 100s with The Aston Shuffle,Only 100s,https://soundcloud.com/itsonly100s/april-2025-only-100s-with-the-aston-shuffle,,https://i1.sndcdn.com/artworks-acHa6QtmyY0AjcYA-fsoWRQ-t500x500.jpg,"<iframe width=""100%"" height=""400"" scrolling=""no"" frameborder=""no"" src=""https://w.soundcloud.com/player/?visual=true&url=https%3A%2F%2Fapi.soundcloud.com%2Ftracks%2F2086301490&show_artwork=true""></iframe>",0
10,2025-05,,Only 100s,May 2025 - Only 100s with The Aston Shuffle,Only 100s,https://soundcloud.com/itsonly100s/may-2025-only-100s-with-the-aston-shuffle,,https://i1.sndcdn.com/artworks-H4YD6aiqjDWy8eUt-Eov2Pg-t500x500.jpg,"<iframe width=""100%"" height=""400"" scrolling=""no"" frameborder=""no"" src=""https://w.soundcloud.com/player/?visual=true&url=https%3A%2F%2Fapi.soundcloud.com%2Ftracks%2F2103869463&show_artwork=true""></iframe>",0
9,2025-07,,Only 100s,June + July 2025 - Only 100s with The Aston Shuffle,Only 100s,https://soundcloud.com/itsonly100s/june-july-2025-only-100s-with-the-aston-shuffle,,https://i1.sndcdn.com/artworks-fObyGL2VRlxyjLLS-nscWgA-t500x500.jpg,"<iframe width=""100%"" height=""400"" scrolling=""no"" frameborder=""no"" src=""https://w.soundcloud.com/player/?visual=true&url=https%3A%2F%2Fapi.soundcloud.com%2Ftracks%2F2138570064&show_artwork=true""></iframe>",0
8,2025-08,,Only 100s,August 2025 - Only 100s with The Aston Shuffle,Only 100s,https://soundcloud.com/itsonly100s/august-2025-only-100s-with-the-aston-shuffle,,https://i1.sndcdn.com/artworks-0mWggTlSWssekrGJ-kxFUqg-t500x500.jpg,"<iframe width=""100%"" height=""400"" scrolling=""no"" frameborder=""no"" src=""https://w.soundcloud.com/player/?visual=true&url=https%3A%2F%2Fapi.soundcloud.com%2Ftracks%2F2159263824&show_artwork=true""></iframe>",0
7,2025-09,,Only 100s,September 2025 - Only 100s with The Aston Shuffle,Only 100s,https://soundcloud.com/itsonly100s/september-2025-only-100s-with-the-aston-shuffle,,https://i1.sndcdn.com/artworks-SxwNyvLDUbH476gi-wwJKjQ-t500x500.jpg,"<iframe width=""100%"" height=""400"" scrolling=""no"" frameborder=""no"" src=""https://w.soundcloud.com/player/?visual=true&url=https%3A%2F%2Fapi.soundcloud.com%2Ftracks%2F2178177081&show_artwork=true""></iframe>",0
6,2025-10,,Only 100s,October 2025 - Only 100s with The Aston Shuffle,Only 100s,https://soundcloud.com/itsonly100s/october-2025-only-100s-with-the-aston-shuffle,,https://i1.sndcdn.com/artworks-A2jpf45t8JM1yRBA-NPzWyQ-t500x500.jpg,"<iframe width=""100%"" height=""400"" scrolling=""no"" frameborder=""no"" src=""https://w.soundcloud.com/player/?visual=true&url=https%3A%2F%2Fapi.soundcloud.com%2Ftracks%2F2200945183&show_artwork=true""></iframe>",0
5,2025-11,,Only 100s,November 2025 - Only 100s with The Aston Shuffle,Only 100s,https://soundcloud.com/itsonly100s/november-2025-only-100s-with-the-aston-shuffle,,https://i1.sndcdn.com/artworks-foqhLUy334Zv9bkU-o9GV3g-t500x500.jpg,"<iframe width=""100%"" height=""400"" scrolling=""no"" frameborder=""no"" src=""https://w.soundcloud.com/player/?visual=true&url=https%3A%2F%2Fapi.soundcloud.com%2Ftracks%2F2217902018&show_artwork=true""></iframe>",0
4,2026-01,,Only 100s,January 2026 - Only 100s with The Aston Shuffle,Only 100s,https://soundcloud.com/itsonly100s/january-2026-only-100s-with-the-aston-shuffle,,https://i1.sndcdn.com/artworks-8MWbviq0IgyP6UfC-0OyjUA-t500x500.jpg,"<iframe width=""100%"" height=""400"" scrolling=""no"" frameborder=""no"" src=""https://w.soundcloud.com/player/?visual=true&url=https%3A%2F%2Fapi.soundcloud.com%2Ftracks%2F2254087853&show_artwork=true""></iframe>",0
3,2026-02,,Only 100s,February 2026 - Only 100s with The Aston Shuffle,Only 100s,https://soundcloud.com/itsonly100s/february-2026-only-100s-with-the-aston-shuffle,https://www.1001tracklists.com/tracklist/2vvhbgpt/the-aston-shuffle-only-100s-february-2026-2026-02-24.html,https://i1.sndcdn.com/artworks-o5aqfffkWzLv8eux-NmspIg-t500x500.jpg,"<iframe width=""100%"" height=""400"" scrolling=""no"" frameborder=""no"" src=""https://w.soundcloud.com/player/?visual=true&url=https%3A%2F%2Fapi.soundcloud.com%2Ftracks%2F2270956199&show_artwork=true""></iframe>",15
2,2026-03,,Only 100s,March 2026 - Only 100s with The Aston Shuffle,Only 100s,https://soundcloud.com/itsonly100s/march-2026-only-100s-with-the-aston-shuffle,https://www.1001tracklists.com/tracklist/dqh7szt/the-aston-shuffle-only-100s-march-2026-2026-03-26.html,https://i1.sndcdn.com/artworks-pgbJ7iYfsmIpv7dA-HzuqRw-t500x500.jpg,"<iframe width=""100%"" height=""400"" scrolling=""no"" frameborder=""no"" src=""https://w.soundcloud.com/player/?visual=true&url=https%3A%2F%2Fapi.soundcloud.com%2Ftracks%2F2288709386&show_artwork=true""></iframe>",14
1,2026-04,,Only 100s,April 2026 - Only 100s with The Aston Shuffle,Only 100s,https://soundcloud.com/itsonly100s/april-2026-only-100s-with-the-aston-shuffle,https://www.1001tracklists.com/tracklist/15vbkbst/the-aston-shuffle-only-100s-april-2026-2026-04-28.html,https://i1.sndcdn.com/artworks-WAEUNDJxCjh41Oul-dYQoWg-t500x500.jpg,"<iframe width=""100%"" height=""400"" scrolling=""no"" frameborder=""no"" src=""https://w.soundcloud.com/player/?visual=true&url=https%3A%2F%2Fapi.soundcloud.com%2Ftracks%2F2308751642&show_artwork=true""></iframe>",16
639,2026-05,2026-05-25,Only 100s,May 2026 - Only 100s with The Aston Shuffle by Only 100s,Only 100s,https://soundcloud.com/itsonly100s/may-2026-only-100s-with-the-aston-shuffle,https://www.1001tracklists.com/tracklist/16t9vqft/the-aston-shuffle-only-100s-may-2026-2026-05-28.html,https://i1.sndcdn.com/artworks-PSRylKUkDvJM6d0I-qnHWQA-t500x500.jpg,"<iframe width=""100%"" height=""400"" scrolling=""no"" frameborder=""no"" src=""https://w.soundcloud.com/player/?visual=true&url=https%3A%2F%2Fapi.soundcloud.com%2Ftracks%2F2326893788&show_artwork=true""></iframe>",14
419,2022-09,2022-09-30,XXX Radio,XXX Radio #002,Mau P,https://soundcloud.com/realmaup/xxx-radio-002,https://www.mixesdb.com/w/2022-10-01_-_Mau_P_-_XXX_Radio_002,,,14
420,2022-09,2022-09-27,XXX Radio,XXX Radio #001,Mau P,https://soundcloud.com/realmaup/xxx-radio-001,https://www.mixesdb.com/w/2022-09-28_-_Mau_P_-_XXX_Radio_001,,,15
416,2022-10,2022-10-28,XXX Radio,XXX Radio #005,Mau P,https://soundcloud.com/realmaup/xxx-radio-005,https://www.mixesdb.com/w/2022-10-31_-_Mau_P_-_XXX_Radio_005,,,15
417,2022-10,2022-10-13,XXX Radio,XXX Radio #004,Mau P,https://soundcloud.com/realmaup/xxx-radio-004,https://www.mixesdb.com/w/2022-10-14_-_Mau_P_-_XXX_Radio_004,,,15
418,2022-10,2022-10-07,XXX Radio,XXX Radio #003,Mau P,https://soundcloud.com/realmaup/eng-xxx-radio-003,https://www.mixesdb.com/w/2022-10-07_-_Mau_P_-_XXX_Radio_003,,,16
412,2022-11,2022-11-25,XXX Radio,XXX Radio #009,Mau P,https://soundcloud.com/realmaup/xxx-radio-009,https://www.mixesdb.com/w/2022-11-25_-_Mau_P_-_XXX_Radio_009,,,15
413,2022-11,2022-11-18,XXX Radio,XXX Radio #008,Mau P,https://soundcloud.com/realmaup/xxx-radio-008,https://www.mixesdb.com/w/2022-11-18_-_Mau_P_-_XXX_Radio_008,,,15
414,2022-11,2022-11-10,XXX Radio,XXX Radio #007,Mau P,https://soundcloud.com/realmaup/xxx-radio-007,https://www.mixesdb.com/w/2022-11-11_-_Mau_P_-_XXX_Radio_007,,,15
415,2022-11,2022-11-03,XXX Radio,XXX Radio #006,Mau P,https://soundcloud.com/realmaup/xxx-radio-006,https://www.mixesdb.com/w/2022-11-04_-_Mau_P_-_XXX_Radio_006,,,14
409,2022-12,2022-12-16,XXX Radio,XXX Radio #012,Mau P,https://soundcloud.com/realmaup/xxx-radio-012,https://www.mixesdb.com/w/2022-12-16_-_Mau_P_-_XXX_Radio_012,,,16
410,2022-12,2022-12-09,XXX Radio,XXX Radio #011,Mau P,https://soundcloud.com/realmaup/xxx-radio-011,https://www.mixesdb.com/w/2022-12-09_-_Mau_P_-_XXX_Radio_011,,,15
411,2022-12,2022-12-02,XXX Radio,XXX Radio #010,Mau P,https://soundcloud.com/realmaup/xxx-radio-010,https://www.mixesdb.com/w/2022-12-02_-_Mau_P_-_XXX_Radio_010,,,15
405,2023-01,2023-01-26,XXX Radio,XXX Radio #016,Mau P,https://soundcloud.com/realmaup/xxx-radio-016,https://www.mixesdb.com/w/2023-01-27_-_Mau_P_-_XXX_Radio_016,,,15
406,2023-01,2023-01-20,XXX Radio,XXX Radio #015,Mau P,https://soundcloud.com/realmaup/xxx-radio-015,https://www.mixesdb.com/w/2023-01-20_-_Mau_P_-_XXX_Radio_015,,,13
407,2023-01,2023-01-13,XXX Radio,XXX Radio #014,Mau P,https://soundcloud.com/realmaup/xxx-radio-014,https://www.mixesdb.com/w/2023-01-13_-_Mau_P_-_XXX_Radio_014,,,15
408,2023-01,2023-01-06,XXX Radio,XXX Radio #013,Mau P,https://soundcloud.com/realmaup/xxx-radio-013,https://www.mixesdb.com/w/2023-01-06_-_Mau_P_-_XXX_Radio_013,,,14
401,2023-02,2023-02-24,XXX Radio,XXX Radio #020,Mau P,https://soundcloud.com/realmaup/xxx-radio-020,https://www.mixesdb.com/w/2023-02-24_-_Mau_P_-_XXX_Radio_020,,,14
402,2023-02,2023-02-16,XXX Radio,XXX Radio #019,Mau P,https://soundcloud.com/realmaup/xxx-radio-019,https://www.mixesdb.com/w/2023-02-17_-_Mau_P_-_XXX_Radio_019,,,14
403,2023-02,2023-02-10,XXX Radio,XXX Radio #018,Mau P,https://soundcloud.com/realmaup/xxx-radio-18,https://www.mixesdb.com/w/2023-02-10_-_Mau_P_-_XXX_Radio_018,,,14
404,2023-02,2023-02-01,XXX Radio,XXX Radio #017,Mau P,https://soundcloud.com/realmaup/xxx-radio-017,https://www.mixesdb.com/w/2023-02-03_-_Mau_P_-_XXX_Radio_017,,,15
396,2023-03,2023-03-31,XXX Radio,XXX Radio #025,Mau P,https://soundcloud.com/realmaup/xxx-radio-025,https://www.mixesdb.com/w/2023-03-31_-_Mau_P_-_XXX_Radio_025,,,15
397,2023-03,2023-03-23,XXX Radio,XXX Radio #024,Mau P,https://soundcloud.com/realmaup/xxx-radio-024,https://www.mixesdb.com/w/2023-03-24_-_Mau_P_-_XXX_Radio_024,,,13
398,2023-03,2023-03-17,XXX Radio,XXX Radio #023,Mau P,https://soundcloud.com/realmaup/xxx-radio-023,https://www.mixesdb.com/w/2023-03-17_-_Mau_P_-_XXX_Radio_023,,,14
399,2023-03,2023-03-10,XXX Radio,XXX Radio #022,Mau P,https://soundcloud.com/realmaup/xxx-radio-022,https://www.mixesdb.com/w/2023-03-10_-_Mau_P_-_XXX_Radio_022,,,14
400,2023-03,2023-03-03,XXX Radio,XXX Radio #021,Mau P,https://soundcloud.com/realmaup/xxx-radio-021,https://www.mixesdb.com/w/2023-03-03_-_Mau_P_-_XXX_Radio_021,,,14
392,2023-04,2023-04-28,XXX Radio,XXX Radio #029,Mau P,https://soundcloud.com/realmaup/xxx-radio-029,https://www.mixesdb.com/w/2023-04-28_-_Mau_P_-_XXX_Radio_029,,,15
393,2023-04,2023-04-21,XXX Radio,XXX Radio #028,Mau P,https://soundcloud.com/realmaup/xxx-radio-028,https://www.mixesdb.com/w/2023-04-21_-_Mau_P_-_XXX_Radio_028,,,16
394,2023-04,2023-04-14,XXX Radio,XXX Radio #027,Mau P,https://soundcloud.com/realmaup/xxx-radio-027,https://www.mixesdb.com/w/2023-04-14_-_Mau_P_-_XXX_Radio_027,,,13
395,2023-04,2023-04-07,XXX Radio,XXX Radio #026,Mau P,https://soundcloud.com/realmaup/xxx-radio-026,https://www.mixesdb.com/w/2023-04-07_-_Mau_P_-_XXX_Radio_026,,,13
388,2023-05,2023-05-26,XXX Radio,XXX Radio #033,Mau P,https://soundcloud.com/realmaup/xxx-radio-033,https://www.mixesdb.com/w/2023-05-26_-_Mau_P_-_XXX_Radio_033,,,15
389,2023-05,2023-05-19,XXX Radio,XXX Radio #032,Mau P,https://soundcloud.com/realmaup/xxx-radio-032,https://www.mixesdb.com/w/2023-05-19_-_Mau_P_-_XXX_Radio_032,,,14
390,2023-05,2023-05-11,XXX Radio,XXX Radio #031,Mau P,https://soundcloud.com/realmaup/xxx-radio-031,https://www.mixesdb.com/w/2023-05-12_-_Mau_P_-_XXX_Radio_031,,,15
391,2023-05,2023-05-04,XXX Radio,XXX Radio #030,Mau P,https://soundcloud.com/realmaup/xxx-radio-030,https://www.mixesdb.com/w/2023-05-05_-_Mau_P_-_XXX_Radio_030,,,13
383,2023-06,2023-06-29,XXX Radio,XXX Radio #038,Mau P,https://soundcloud.com/realmaup/xxx-radio-038,https://www.mixesdb.com/w/2023-06-30_-_Mau_P_-_XXX_Radio_038,,,15
384,2023-06,2023-06-23,XXX Radio,XXX Radio #037,Mau P,https://soundcloud.com/realmaup/xxx-radio-037,https://www.mixesdb.com/w/2023-06-23_-_Mau_P_-_XXX_Radio_037,,,14
385,2023-06,2023-06-16,XXX Radio,XXX Radio #036,Mau P,https://soundcloud.com/realmaup/xxx-radio-036,https://www.mixesdb.com/w/2023-06-16_-_Mau_P_-_XXX_Radio_036,,,14
386,2023-06,2023-06-08,XXX Radio,XXX Radio #035,Mau P,https://soundcloud.com/realmaup/xxx-radio-035,https://www.mixesdb.com/w/2023-06-09_-_Mau_P_-_XXX_Radio_035,,,15
387,2023-06,2023-06-01,XXX Radio,XXX Radio #034,Mau P,https://soundcloud.com/realmaup/xxx-radio-034,https://www.mixesdb.com/w/2023-06-02_-_Mau_P_-_XXX_Radio_034,,,15
379,2023-07,2023-07-27,XXX Radio,XXX Radio #042,Mau P,https://soundcloud.com/realmaup/xxx-radio-042,,,,0
380,2023-07,2023-07-20,XXX Radio,XXX Radio #041,Mau P,https://soundcloud.com/realmaup/xxx-radio-041,,,,0
381,2023-07,2023-07-14,XXX Radio,XXX Radio #040,Mau P,https://soundcloud.com/realmaup/xxx-radio-040,https://www.mixesdb.com/w/2023-07-14_-_Mau_P_-_XXX_Radio_040,,,13
382,2023-07,2023-07-06,XXX Radio,XXX Radio #039,Mau P,https://soundcloud.com/realmaup/xxx-radio-039,https://www.mixesdb.com/w/2023-07-07_-_Mau_P_-_XXX_Radio_039,,,14
374,2023-08,2023-08-31,XXX Radio,XXX Radio #047,Mau P,https://soundcloud.com/realmaup/xxx-radio-047,,,,0
375,2023-08,2023-08-24,XXX Radio,XXX Radio #046,Mau P,https://soundcloud.com/realmaup/xxx-radio-046,,,,0
376,2023-08,2023-08-18,XXX Radio,XXX Radio #045,Mau P,https://soundcloud.com/realmaup/xxx-radio-045,,,,0
377,2023-08,2023-08-10,XXX Radio,XXX Radio #044,Mau P,https://soundcloud.com/realmaup/xxx-radio-044,,,,0
378,2023-08,2023-08-03,XXX Radio,XXX Radio #043,Mau P,https://soundcloud.com/realmaup/xxx-radio-043,,,,0
370,2023-09,2023-09-29,XXX Radio,XXX Radio #051,Mau P,https://soundcloud.com/realmaup/xxx-radio-051,,,,0
371,2023-09,2023-09-21,XXX Radio,XXX Radio #050,Mau P,https://soundcloud.com/realmaup/xxx-radio-050,,,,0
372,2023-09,2023-09-15,XXX Radio,XXX Radio #049,Mau P,https://soundcloud.com/realmaup/xxx-radio-049,,,,0
373,2023-09,2023-09-08,XXX Radio,XXX Radio #048,Mau P,https://soundcloud.com/realmaup/xxx-radio-048,,,,0
366,2023-10,2023-10-27,XXX Radio,XXX Radio #055,Mau P,https://soundcloud.com/realmaup/xxx-radio-055,,,,0
367,2023-10,2023-10-20,XXX Radio,XXX Radio #054,Mau P,https://soundcloud.com/realmaup/xxx-radio-054,,,,0
368,2023-10,2023-10-13,XXX Radio,XXX Radio #053,Mau P,https://soundcloud.com/realmaup/xxx-radio-053,,,,0
369,2023-10,2023-10-05,XXX Radio,XXX Radio #052,Mau P,https://soundcloud.com/realmaup/xxx-radio-052,,,,0
362,2023-11,2023-11-24,XXX Radio,XXX Radio #059,Mau P,https://soundcloud.com/realmaup/xxx-radio-059,,,,0
363,2023-11,2023-11-17,XXX Radio,XXX Radio #058,Mau P,https://soundcloud.com/realmaup/xxx-radio-058,,,,0
364,2023-11,2023-11-09,XXX Radio,XXX Radio #057,Mau P,https://soundcloud.com/realmaup/xxx-radio-057,,,,0
365,2023-11,2023-11-02,XXX Radio,XXX Radio #056,Mau P,https://soundcloud.com/realmaup/xxx-radio-056,,,,0
357,2023-12,2023-12-29,XXX Radio,XXX Radio #064,Mau P,https://soundcloud.com/realmaup/xxx-radio-064,,,,0
358,2023-12,2023-12-21,XXX Radio,XXX Radio #063,Mau P,https://soundcloud.com/realmaup/xxx-radio-063,,,,0
359,2023-12,2023-12-15,XXX Radio,XXX Radio #062,Mau P,https://soundcloud.com/realmaup/xxx-radio-062,,,,0
360,2023-12,2023-12-08,XXX Radio,XXX Radio #061,Mau P,https://soundcloud.com/realmaup/xxx-radio-061,,,,0
361,2023-12,2023-12-01,XXX Radio,XXX Radio #060,Mau P,https://soundcloud.com/realmaup/xxx-radio-060,,,,0
353,2024-01,2024-01-26,XXX Radio,XXX Radio #068,Mau P,https://soundcloud.com/realmaup/xxx-radio-068,,,,0
354,2024-01,2024-01-19,XXX Radio,XXX Radio #067,Mau P,https://soundcloud.com/realmaup/xxx-radio-067,,,,0
355,2024-01,2024-01-12,XXX Radio,XXX Radio #066,Mau P,https://soundcloud.com/realmaup/xxx-radio-066,,,,0
356,2024-01,2024-01-04,XXX Radio,XXX Radio #065,Mau P,https://soundcloud.com/realmaup/xxx-radio-065,,,,0
349,2024-02,2024-02-23,XXX Radio,XXX Radio #072 (1 HOUR OF BADDEST BEHAVIOUR NYC),Mau P,https://soundcloud.com/realmaup/xxx-radio-072,,https://i1.sndcdn.com/artworks-9MmpV6L3oHaynKeY-REB77w-t500x500.jpg,"<iframe width=""100%"" height=""400"" scrolling=""no"" frameborder=""no"" src=""https://w.soundcloud.com/player/?visual=true&url=https%3A%2F%2Fapi.soundcloud.com%2Ftracks%2F1755863226&show_artwork=true""></iframe>",0
350,2024-02,2024-02-16,XXX Radio,XXX Radio #071,Mau P,https://soundcloud.com/realmaup/xxx-radio-071,,https://i1.sndcdn.com/artworks-I9o1J1m3mC1XcGAG-LFqgyw-t500x500.jpg,"<iframe width=""100%"" height=""400"" scrolling=""no"" frameborder=""no"" src=""https://w.soundcloud.com/player/?visual=true&url=https%3A%2F%2Fapi.soundcloud.com%2Ftracks%2F1748435379&show_artwork=true""></iframe>",0
351,2024-02,2024-02-08,XXX Radio,XXX Radio #070,Mau P,https://soundcloud.com/realmaup/xxx-radio-070,,https://i1.sndcdn.com/artworks-dcMJAtyLwdVnjUxn-cq25ew-t500x500.jpg,"<iframe width=""100%"" height=""400"" scrolling=""no"" frameborder=""no"" src=""https://w.soundcloud.com/player/?visual=true&url=https%3A%2F%2Fapi.soundcloud.com%2Ftracks%2F1741390437&show_artwork=true""></iframe>",0
352,2024-02,2024-02-02,XXX Radio,XXX Radio #069,Mau P,https://soundcloud.com/realmaup/xxx-radio-069,,https://i1.sndcdn.com/artworks-MaMLCpHopkTy1DDG-OV68jQ-t500x500.jpg,"<iframe width=""100%"" height=""400"" scrolling=""no"" frameborder=""no"" src=""https://w.soundcloud.com/player/?visual=true&url=https%3A%2F%2Fapi.soundcloud.com%2Ftracks%2F1735020684&show_artwork=true""></iframe>",0
344,2024-03,2024-03-29,XXX Radio,XXX Radio #077 (1 HOUR OF BADDEST BEHAVIOUR MIA),Mau P,https://soundcloud.com/realmaup/xxx-radio-077-1-hour-of-baddest-behaviour-mia,,https://i1.sndcdn.com/artworks-Mg9iuh4clP17akoa-P2PEfA-t500x500.jpg,"<iframe width=""100%"" height=""400"" scrolling=""no"" frameborder=""no"" src=""https://w.soundcloud.com/player/?visual=true&url=https%3A%2F%2Fapi.soundcloud.com%2Ftracks%2F1787572345&show_artwork=true""></iframe>",0
345,2024-03,2024-03-21,XXX Radio,XXX Radio #076,Mau P,https://soundcloud.com/realmaup/xxx-radio-076,,https://i1.sndcdn.com/artworks-Wcflor5SBsGt3B4y-xtOLkw-t500x500.jpg,"<iframe width=""100%"" height=""400"" scrolling=""no"" frameborder=""no"" src=""https://w.soundcloud.com/player/?visual=true&url=https%3A%2F%2Fapi.soundcloud.com%2Ftracks%2F1781144973&show_artwork=true""></iframe>",0
346,2024-03,2024-03-14,XXX Radio,XXX Radio #075,Mau P,https://soundcloud.com/realmaup/xxx-radio-075,,https://i1.sndcdn.com/artworks-uPabPyocjvVyVQk5-EmL0qw-t500x500.jpg,"<iframe width=""100%"" height=""400"" scrolling=""no"" frameborder=""no"" src=""https://w.soundcloud.com/player/?visual=true&url=https%3A%2F%2Fapi.soundcloud.com%2Ftracks%2F1774906284&show_artwork=true""></iframe>",0
347,2024-03,2024-03-08,XXX Radio,XXX Radio #074,Mau P,https://soundcloud.com/realmaup/xxx-radio-074,,https://i1.sndcdn.com/artworks-Xq73vHzMmzsBQkOY-Hu8YMQ-t500x500.jpg,"<iframe width=""100%"" height=""400"" scrolling=""no"" frameborder=""no"" src=""https://w.soundcloud.com/player/?visual=true&url=https%3A%2F%2Fapi.soundcloud.com%2Ftracks%2F1768773000&show_artwork=true""></iframe>",0
348,2024-03,2024-03-01,XXX Radio,XXX Radio #073,Mau P,https://soundcloud.com/realmaup/xxx-radio-073,,https://i1.sndcdn.com/artworks-w05Rz1Zb418yujE9-7JWduQ-t500x500.jpg,"<iframe width=""100%"" height=""400"" scrolling=""no"" frameborder=""no"" src=""https://w.soundcloud.com/player/?visual=true&url=https%3A%2F%2Fapi.soundcloud.com%2Ftracks%2F1761719748&show_artwork=true""></iframe>",0
340,2024-04,2024-04-26,XXX Radio,XXX Radio #081,Mau P,https://soundcloud.com/realmaup/xxx-radio-081,,https://i1.sndcdn.com/artworks-LJAz3gNXiHVRdOfh-fAEADA-t500x500.jpg,"<iframe width=""100%"" height=""400"" scrolling=""no"" frameborder=""no"" src=""https://w.soundcloud.com/player/?visual=true&url=https%3A%2F%2Fapi.soundcloud.com%2Ftracks%2F1808501529&show_artwork=true""></iframe>",0
341,2024-04,2024-04-19,XXX Radio,XXX Radio #080,Mau P,https://soundcloud.com/realmaup/xxx-radio-080,,https://i1.sndcdn.com/artworks-pghOxqD77JHcKYtG-jzqWiw-t500x500.jpg,"<iframe width=""100%"" height=""400"" scrolling=""no"" frameborder=""no"" src=""https://w.soundcloud.com/player/?visual=true&url=https%3A%2F%2Fapi.soundcloud.com%2Ftracks%2F1803683619&show_artwork=true""></iframe>",0
342,2024-04,2024-04-12,XXX Radio,XXX Radio #079,Mau P,https://soundcloud.com/realmaup/xxx-radio-079,,https://i1.sndcdn.com/artworks-CyE7uHNKMJXdZ01o-UjsUGQ-t500x500.jpg,"<iframe width=""100%"" height=""400"" scrolling=""no"" frameborder=""no"" src=""https://w.soundcloud.com/player/?visual=true&url=https%3A%2F%2Fapi.soundcloud.com%2Ftracks%2F1798786267&show_artwork=true""></iframe>",0
343,2024-04,2024-04-05,XXX Radio,XXX Radio #078,Mau P,https://soundcloud.com/realmaup/xxx-radio-078,,https://i1.sndcdn.com/artworks-LuHjVxwaYRYUkd9G-bl91VA-t500x500.jpg,"<iframe width=""100%"" height=""400"" scrolling=""no"" frameborder=""no"" src=""https://w.soundcloud.com/player/?visual=true&url=https%3A%2F%2Fapi.soundcloud.com%2Ftracks%2F1793113465&show_artwork=true""></iframe>",0
335,2024-05,2024-05-30,XXX Radio,XXX Radio #086,Mau P,https://soundcloud.com/realmaup/xxx-radio-086,,https://i1.sndcdn.com/artworks-rBNI1nxiCylLOcz7-7uw5jA-t500x500.jpg,"<iframe width=""100%"" height=""400"" scrolling=""no"" frameborder=""no"" src=""https://w.soundcloud.com/player/?visual=true&url=https%3A%2F%2Fapi.soundcloud.com%2Ftracks%2F1834109001&show_artwork=true""></iframe>",0
336,2024-05,2024-05-23,XXX Radio,XXX Radio #085,Mau P,https://soundcloud.com/realmaup/xxx-radio-085,,https://i1.sndcdn.com/artworks-i9TglzoPHGEbzsTG-DFUqPg-t500x500.jpg,"<iframe width=""100%"" height=""400"" scrolling=""no"" frameborder=""no"" src=""https://w.soundcloud.com/player/?visual=true&url=https%3A%2F%2Fapi.soundcloud.com%2Ftracks%2F1828931565&show_artwork=true""></iframe>",0
337,2024-05,2024-05-17,XXX Radio,XXX Radio #084,Mau P,https://soundcloud.com/realmaup/xxx-radio-084,,https://i1.sndcdn.com/artworks-Vp7pzkV6m2WWMEnb-Udc8ew-t500x500.jpg,"<iframe width=""100%"" height=""400"" scrolling=""no"" frameborder=""no"" src=""https://w.soundcloud.com/player/?visual=true&url=https%3A%2F%2Fapi.soundcloud.com%2Ftracks%2F1824064542&show_artwork=true""></iframe>",0
338,2024-05,2024-05-09,XXX Radio,XXX Radio #083,Mau P,https://soundcloud.com/realmaup/xxx-radio-083,,https://i1.sndcdn.com/artworks-dwRzoGt5ilDKSOjN-F7QcKg-t500x500.jpg,"<iframe width=""100%"" height=""400"" scrolling=""no"" frameborder=""no"" src=""https://w.soundcloud.com/player/?visual=true&url=https%3A%2F%2Fapi.soundcloud.com%2Ftracks%2F1818458871&show_artwork=true""></iframe>",0
339,2024-05,2024-05-03,XXX Radio,XXX Radio #082,Mau P,https://soundcloud.com/realmaup/xxx-radio-082,,https://i1.sndcdn.com/artworks-vI1klznjXG5CZFYw-zephXw-t500x500.jpg,"<iframe width=""100%"" height=""400"" scrolling=""no"" frameborder=""no"" src=""https://w.soundcloud.com/player/?visual=true&url=https%3A%2F%2Fapi.soundcloud.com%2Ftracks%2F1813173654&show_artwork=true""></iframe>",0
331,2024-06,2024-06-28,XXX Radio,XXX Radio #090,Mau P,https://soundcloud.com/realmaup/xxx-radio-090,,https://i1.sndcdn.com/artworks-N28tee7jFOOCWW9T-WOX6MA-t500x500.jpg,"<iframe width=""100%"" height=""400"" scrolling=""no"" frameborder=""no"" src=""https://w.soundcloud.com/player/?visual=true&url=https%3A%2F%2Fapi.soundcloud.com%2Ftracks%2F1858464213&show_artwork=true""></iframe>",0
332,2024-06,2024-06-21,XXX Radio,XXX Radio #089,Mau P,https://soundcloud.com/realmaup/xxx-radio-089,,https://i1.sndcdn.com/artworks-UjYg40Ty8RhYlX7z-740Zkw-t500x500.jpg,"<iframe width=""100%"" height=""400"" scrolling=""no"" frameborder=""no"" src=""https://w.soundcloud.com/player/?visual=true&url=https%3A%2F%2Fapi.soundcloud.com%2Ftracks%2F1853334918&show_artwork=true""></iframe>",0
333,2024-06,2024-06-14,XXX Radio,XXX Radio #088,Mau P,https://soundcloud.com/realmaup/xxx-radio-088,,https://i1.sndcdn.com/artworks-FMT9XBRIaNCmk1og-TYrBNQ-t500x500.jpg,"<iframe width=""100%"" height=""400"" scrolling=""no"" frameborder=""no"" src=""https://w.soundcloud.com/player/?visual=true&url=https%3A%2F%2Fapi.soundcloud.com%2Ftracks%2F1847054580&show_artwork=true""></iframe>",0
334,2024-06,2024-06-06,XXX Radio,XXX Radio #087,Mau P,https://soundcloud.com/realmaup/xxx-radio-087,,https://i1.sndcdn.com/artworks-6aL4CZrNZsMKW0r6-FwX0Sw-t500x500.jpg,"<iframe width=""100%"" height=""400"" scrolling=""no"" frameborder=""no"" src=""https://w.soundcloud.com/player/?visual=true&url=https%3A%2F%2Fapi.soundcloud.com%2Ftracks%2F1840452390&show_artwork=true""></iframe>",0
327,2024-07,2024-07-25,XXX Radio,XXX Radio #094,Mau P,https://soundcloud.com/realmaup/xxx-radio-094,,https://i1.sndcdn.com/artworks-4UNPzMKkKGydnEjo-uMzehQ-t500x500.jpg,"<iframe width=""100%"" height=""400"" scrolling=""no"" frameborder=""no"" src=""https://w.soundcloud.com/player/?visual=true&url=https%3A%2F%2Fapi.soundcloud.com%2Ftracks%2F1880677728&show_artwork=true""></iframe>",0
328,2024-07,2024-07-18,XXX Radio,XXX Radio #093,Mau P,https://soundcloud.com/realmaup/xxx-radio-093,,https://i1.sndcdn.com/artworks-iz30fJeGDmzLerLG-2682Xg-t500x500.jpg,"<iframe width=""100%"" height=""400"" scrolling=""no"" frameborder=""no"" src=""https://w.soundcloud.com/player/?visual=true&url=https%3A%2F%2Fapi.soundcloud.com%2Ftracks%2F1875229911&show_artwork=true""></iframe>",0
329,2024-07,2024-07-11,XXX Radio,XXX Radio #092,Mau P,https://soundcloud.com/realmaup/xxx-radio-092,,https://i1.sndcdn.com/artworks-VPxCxKX5bjnyNI4n-RX2FsQ-t500x500.jpg,"<iframe width=""100%"" height=""400"" scrolling=""no"" frameborder=""no"" src=""https://w.soundcloud.com/player/?visual=true&url=https%3A%2F%2Fapi.soundcloud.com%2Ftracks%2F1869333657&show_artwork=true""></iframe>",0
330,2024-07,2024-07-04,XXX Radio,XXX Radio #091,Mau P,https://soundcloud.com/realmaup/xxx-radio-091,,https://i1.sndcdn.com/artworks-lNlBLEq9nwWa2D8M-OnDVuQ-t500x500.jpg,"<iframe width=""100%"" height=""400"" scrolling=""no"" frameborder=""no"" src=""https://w.soundcloud.com/player/?visual=true&url=https%3A%2F%2Fapi.soundcloud.com%2Ftracks%2F1863327507&show_artwork=true""></iframe>",0
322,2024-08,2024-08-30,XXX Radio,XXX Radio #099,Mau P,https://soundcloud.com/realmaup/xxx-radio-099,,https://i1.sndcdn.com/artworks-zPI8JTGLZ6D8jTaA-dEjzVg-t500x500.jpg,"<iframe width=""100%"" height=""400"" scrolling=""no"" frameborder=""no"" src=""https://w.soundcloud.com/player/?visual=true&url=https%3A%2F%2Fapi.soundcloud.com%2Ftracks%2F1907097392&show_artwork=true""></iframe>",0
323,2024-08,2024-08-22,XXX Radio,XXX Radio #098,Mau P,https://soundcloud.com/realmaup/xxx-radio-098,,https://i1.sndcdn.com/artworks-L24qybPwO3Q2AmWq-7n94zQ-t500x500.jpg,"<iframe width=""100%"" height=""400"" scrolling=""no"" frameborder=""no"" src=""https://w.soundcloud.com/player/?visual=true&url=https%3A%2F%2Fapi.soundcloud.com%2Ftracks%2F1902351210&show_artwork=true""></iframe>",0
324,2024-08,2024-08-15,XXX Radio,XXX Radio #097,Mau P,https://soundcloud.com/realmaup/xxx-radio-097,,https://i1.sndcdn.com/artworks-BLIVwu1ytRQZxRym-tqs5jQ-t500x500.jpg,"<iframe width=""100%"" height=""400"" scrolling=""no"" frameborder=""no"" src=""https://w.soundcloud.com/player/?visual=true&url=https%3A%2F%2Fapi.soundcloud.com%2Ftracks%2F1897922193&show_artwork=true""></iframe>",0
325,2024-08,2024-08-08,XXX Radio,XXX Radio #096,Mau P,https://soundcloud.com/realmaup/xxx-radio-096,,https://i1.sndcdn.com/artworks-K2YxGvSE3q9WsvMP-W4D0og-t500x500.jpg,"<iframe width=""100%"" height=""400"" scrolling=""no"" frameborder=""no"" src=""https://w.soundcloud.com/player/?visual=true&url=https%3A%2F%2Fapi.soundcloud.com%2Ftracks%2F1892683068&show_artwork=true""></iframe>",0
326,2024-08,2024-08-02,XXX Radio,XXX Radio #095,Mau P,https://soundcloud.com/realmaup/xxx-radio-095,,https://i1.sndcdn.com/artworks-XBHdolF15YRq3k56-PhaEBQ-t500x500.jpg,"<iframe width=""100%"" height=""400"" scrolling=""no"" frameborder=""no"" src=""https://w.soundcloud.com/player/?visual=true&url=https%3A%2F%2Fapi.soundcloud.com%2Ftracks%2F1887457053&show_artwork=true""></iframe>",0
318,2024-09,2024-09-27,XXX Radio,XXX Radio #103,Mau P,https://soundcloud.com/realmaup/xxx-radio-103,https://www.mixesdb.com/w/2024-09-27_-_Mau_P_-_XXX_Radio_103,https://i1.sndcdn.com/artworks-9iEhWtfLpzQo1esL-y54fbg-t500x500.jpg,"<iframe width=""100%"" height=""400"" scrolling=""no"" frameborder=""no"" src=""https://w.soundcloud.com/player/?visual=true&url=https%3A%2F%2Fapi.soundcloud.com%2Ftracks%2F1924690475&show_artwork=true""></iframe>",14
319,2024-09,2024-09-19,XXX Radio,XXX Radio #102,Mau P,https://soundcloud.com/realmaup/xxx-radio-102,https://www.mixesdb.com/w/2024-09-20_-_Mau_P_-_XXX_Radio_102,https://i1.sndcdn.com/artworks-QmTQ1Csk9MI3aGCL-9vuAhQ-t500x500.jpg,"<iframe width=""100%"" height=""400"" scrolling=""no"" frameborder=""no"" src=""https://w.soundcloud.com/player/?visual=true&url=https%3A%2F%2Fapi.soundcloud.com%2Ftracks%2F1919519162&show_artwork=true""></iframe>",13
320,2024-09,2024-09-12,XXX Radio,XXX Radio #101,Mau P,https://soundcloud.com/realmaup/xxx-radio-101,https://www.mixesdb.com/w/2024-09-13_-_Mau_P_-_XXX_Radio_101,https://i1.sndcdn.com/artworks-YERhKH3YopUQGmE2-BYwDsA-t500x500.jpg,"<iframe width=""100%"" height=""400"" scrolling=""no"" frameborder=""no"" src=""https://w.soundcloud.com/player/?visual=true&url=https%3A%2F%2Fapi.soundcloud.com%2Ftracks%2F1915339064&show_artwork=true""></iframe>",14
321,2024-09,2024-09-06,XXX Radio,XXX Radio #100,Mau P,https://soundcloud.com/realmaup/xxx-radio-100,,https://i1.sndcdn.com/artworks-YfQzJyiWGjR5nmqz-fh3mNQ-t500x500.jpg,"<iframe width=""100%"" height=""400"" scrolling=""no"" frameborder=""no"" src=""https://w.soundcloud.com/player/?visual=true&url=https%3A%2F%2Fapi.soundcloud.com%2Ftracks%2F1911442859&show_artwork=true""></iframe>",0
313,2024-10,2024-10-31,XXX Radio,XXX Radio #108,Mau P,https://soundcloud.com/realmaup/xxx-radio-108,https://www.mixesdb.com/w/2024-11-01_-_Mau_P_-_XXX_Radio_108,https://i1.sndcdn.com/artworks-NxKzbiFZ5pPgUvCa-10XHbA-t500x500.jpg,"<iframe width=""100%"" height=""400"" scrolling=""no"" frameborder=""no"" src=""https://w.soundcloud.com/player/?visual=true&url=https%3A%2F%2Fapi.soundcloud.com%2Ftracks%2F1946529883&show_artwork=true""></iframe>",14
314,2024-10,2024-10-24,XXX Radio,XXX Radio #107,Mau P,https://soundcloud.com/realmaup/xxx-radio-107,https://www.mixesdb.com/w/2024-10-25_-_Mau_P_-_XXX_Radio_107,https://i1.sndcdn.com/artworks-rA0yNfyPSnXZL2xs-jqN0og-t500x500.jpg,"<iframe width=""100%"" height=""400"" scrolling=""no"" frameborder=""no"" src=""https://w.soundcloud.com/player/?visual=true&url=https%3A%2F%2Fapi.soundcloud.com%2Ftracks%2F1941154123&show_artwork=true""></iframe>",14
315,2024-10,2024-10-18,XXX Radio,XXX Radio #106,Mau P,https://soundcloud.com/realmaup/xxx-radio-106,https://www.mixesdb.com/w/2024-10-18_-_Mau_P_-_XXX_Radio_106,https://i1.sndcdn.com/artworks-cQCEyRJmTAyer6F5-30LAzA-t500x500.jpg,"<iframe width=""100%"" height=""400"" scrolling=""no"" frameborder=""no"" src=""https://w.soundcloud.com/player/?visual=true&url=https%3A%2F%2Fapi.soundcloud.com%2Ftracks%2F1937177738&show_artwork=true""></iframe>",15
316,2024-10,2024-10-10,XXX Radio,XXX Radio #105,Mau P,https://soundcloud.com/realmaup/xxx-radio-105,https://www.mixesdb.com/w/2024-10-11_-_Mau_P_-_XXX_Radio_105,https://i1.sndcdn.com/artworks-EhWNbgZ4Dn1sZaaY-eOR6GQ-t500x500.jpg,"<iframe width=""100%"" height=""400"" scrolling=""no"" frameborder=""no"" src=""https://w.soundcloud.com/player/?visual=true&url=https%3A%2F%2Fapi.soundcloud.com%2Ftracks%2F1932437078&show_artwork=true""></iframe>",14
317,2024-10,2024-10-04,XXX Radio,XXX Radio #104,Mau P,https://soundcloud.com/realmaup/xxx-radio-104,https://www.mixesdb.com/w/2024-10-04_-_Mau_P_-_XXX_Radio_104,https://i1.sndcdn.com/artworks-2u50clnOkOSLNIG3-aEHyvw-t500x500.jpg,"<iframe width=""100%"" height=""400"" scrolling=""no"" frameborder=""no"" src=""https://w.soundcloud.com/player/?visual=true&url=https%3A%2F%2Fapi.soundcloud.com%2Ftracks%2F1928806370&show_artwork=true""></iframe>",15
309,2024-11,2024-11-28,XXX Radio,XXX Radio #112,Mau P,https://soundcloud.com/realmaup/xxx-radio-112,https://www.mixesdb.com/w/2024-11-29_-_Mau_P_-_XXX_Radio_112,https://i1.sndcdn.com/artworks-bikGDcy69Tf4H99y-IYToYw-t500x500.jpg,"<iframe width=""100%"" height=""400"" scrolling=""no"" frameborder=""no"" src=""https://w.soundcloud.com/player/?visual=true&url=https%3A%2F%2Fapi.soundcloud.com%2Ftracks%2F1969490019&show_artwork=true""></iframe>",14
310,2024-11,2024-11-21,XXX Radio,XXX Radio #111,Mau P,https://soundcloud.com/realmaup/xxx-radio-111,https://www.mixesdb.com/w/2024-11-22_-_Mau_P_-_XXX_Radio_111,https://i1.sndcdn.com/artworks-xjIMNQN3WRls6Exz-nETM3g-t500x500.jpg,"<iframe width=""100%"" height=""400"" scrolling=""no"" frameborder=""no"" src=""https://w.soundcloud.com/player/?visual=true&url=https%3A%2F%2Fapi.soundcloud.com%2Ftracks%2F1963744891&show_artwork=true""></iframe>",14
311,2024-11,2024-11-15,XXX Radio,XXX Radio #110,Mau P,https://soundcloud.com/realmaup/xxx-radio-110,https://www.mixesdb.com/w/2024-11-15_-_Mau_P_-_XXX_Radio_110,https://i1.sndcdn.com/artworks-xtkLWEUejec5RCMJ-uBZpQA-t500x500.jpg,"<iframe width=""100%"" height=""400"" scrolling=""no"" frameborder=""no"" src=""https://w.soundcloud.com/player/?visual=true&url=https%3A%2F%2Fapi.soundcloud.com%2Ftracks%2F1958950571&show_artwork=true""></iframe>",13
312,2024-11,2024-11-08,XXX Radio,XXX Radio #109,Mau P,https://soundcloud.com/realmaup/xxx-radio-109,https://www.mixesdb.com/w/2024-11-08_-_Mau_P_-_XXX_Radio_109,https://i1.sndcdn.com/artworks-VKetGUmsd3v15zqX-VNy86A-t500x500.jpg,"<iframe width=""100%"" height=""400"" scrolling=""no"" frameborder=""no"" src=""https://w.soundcloud.com/player/?visual=true&url=https%3A%2F%2Fapi.soundcloud.com%2Ftracks%2F1953022215&show_artwork=true""></iframe>",14
305,2024-12,2024-12-26,XXX Radio,XXX Radio #116,Mau P,https://soundcloud.com/realmaup/xxx-radio-116,https://www.mixesdb.com/w/2024-12-27_-_Mau_P_-_XXX_Radio_116,https://i1.sndcdn.com/artworks-ZOeS6OvODTmk6ut4-4ZMydQ-t500x500.jpg,"<iframe width=""100%"" height=""400"" scrolling=""no"" frameborder=""no"" src=""https://w.soundcloud.com/player/?visual=true&url=https%3A%2F%2Fapi.soundcloud.com%2Ftracks%2F1994878999&show_artwork=true""></iframe>",15
306,2024-12,2024-12-19,XXX Radio,XXX Radio #115,Mau P,https://soundcloud.com/realmaup/xxx-radio-115,https://www.mixesdb.com/w/2024-12-20_-_Mau_P_-_XXX_Radio_115,https://i1.sndcdn.com/artworks-RaK6pq46moBLErN5-kSY5Jw-t500x500.jpg,"<iframe width=""100%"" height=""400"" scrolling=""no"" frameborder=""no"" src=""https://w.soundcloud.com/player/?visual=true&url=https%3A%2F%2Fapi.soundcloud.com%2Ftracks%2F1990285819&show_artwork=true""></iframe>",14
307,2024-12,2024-12-12,XXX Radio,XXX Radio #114,Mau P,https://soundcloud.com/realmaup/xxx-radio-114,https://www.mixesdb.com/w/2024-12-13_-_Mau_P_-_XXX_Radio_114,https://i1.sndcdn.com/artworks-CSPolr6ncmLjfiq6-EaIpqQ-t500x500.jpg,"<iframe width=""100%"" height=""400"" scrolling=""no"" frameborder=""no"" src=""https://w.soundcloud.com/player/?visual=true&url=https%3A%2F%2Fapi.soundcloud.com%2Ftracks%2F1982204935&show_artwork=true""></iframe>",14
308,2024-12,2024-12-06,XXX Radio,XXX Radio #113,Mau P,https://soundcloud.com/realmaup/xxx-radio-113,https://www.mixesdb.com/w/2024-12-06_-_Mau_P_-_XXX_Radio_113,https://i1.sndcdn.com/artworks-YelqYUIAX6wnDlh8-CdxbSQ-t500x500.jpg,"<iframe width=""100%"" height=""400"" scrolling=""no"" frameborder=""no"" src=""https://w.soundcloud.com/player/?visual=true&url=https%3A%2F%2Fapi.soundcloud.com%2Ftracks%2F1975058647&show_artwork=true""></iframe>",14
300,2025-01,2025-01-31,XXX Radio,XXX Radio #121,Mau P,https://soundcloud.com/realmaup/xxx-radio-121,https://www.mixesdb.com/w/2025-01-31_-_Mau_P_-_XXX_Radio_121,https://i1.sndcdn.com/artworks-9pxgUXnt4uyEQEaf-kHEFVg-t500x500.jpg,"<iframe width=""100%"" height=""400"" scrolling=""no"" frameborder=""no"" src=""https://w.soundcloud.com/player/?visual=true&url=https%3A%2F%2Fapi.soundcloud.com%2Ftracks%2F2022328989&show_artwork=true""></iframe>",13
301,2025-01,2025-01-23,XXX Radio,XXX Radio #120,Mau P,https://soundcloud.com/realmaup/xxx-radio-120,https://www.mixesdb.com/w/2025-01-24_-_Mau_P_-_XXX_Radio_120,https://i1.sndcdn.com/artworks-zn17g0XvuactuxVy-knp01w-t500x500.jpg,"<iframe width=""100%"" height=""400"" scrolling=""no"" frameborder=""no"" src=""https://w.soundcloud.com/player/?visual=true&url=https%3A%2F%2Fapi.soundcloud.com%2Ftracks%2F2016756923&show_artwork=true""></iframe>",14
302,2025-01,2025-01-17,XXX Radio,XXX Radio #119,Mau P,https://soundcloud.com/realmaup/xxx-radio-119,https://www.mixesdb.com/w/2025-01-17_-_Mau_P_-_XXX_Radio_119,https://i1.sndcdn.com/artworks-U6SKiwo9TvdK9VQt-ccXVUA-t500x500.jpg,"<iframe width=""100%"" height=""400"" scrolling=""no"" frameborder=""no"" src=""https://w.soundcloud.com/player/?visual=true&url=https%3A%2F%2Fapi.soundcloud.com%2Ftracks%2F2011407967&show_artwork=true""></iframe>",13
303,2025-01,2025-01-09,XXX Radio,XXX Radio #118,Mau P,https://soundcloud.com/realmaup/xxx-radio-118,https://www.mixesdb.com/w/2025-01-10_-_Mau_P_-_XXX_Radio_118,https://i1.sndcdn.com/artworks-isL70963ZagYk4rl-dhzJIA-t500x500.jpg,"<iframe width=""100%"" height=""400"" scrolling=""no"" frameborder=""no"" src=""https://w.soundcloud.com/player/?visual=true&url=https%3A%2F%2Fapi.soundcloud.com%2Ftracks%2F2005519927&show_artwork=true""></iframe>",14
304,2025-01,2025-01-02,XXX Radio,XXX Radio #117,Mau P,https://soundcloud.com/realmaup/xxx-radio-117,https://www.mixesdb.com/w/2025-01-03_-_Mau_P_-_XXX_Radio_117,https://i1.sndcdn.com/artworks-qv6M1PFzTYmU9w5v-z19nAQ-t500x500.jpg,"<iframe width=""100%"" height=""400"" scrolling=""no"" frameborder=""no"" src=""https://w.soundcloud.com/player/?visual=true&url=https%3A%2F%2Fapi.soundcloud.com%2Ftracks%2F1999720911&show_artwork=true""></iframe>",13
296,2025-02,2025-02-27,XXX Radio,XXX Radio #125,Mau P,https://soundcloud.com/realmaup/xxx-radio-125,https://www.mixesdb.com/w/2025-02-28_-_Mau_P_-_XXX_Radio_125,https://i1.sndcdn.com/artworks-glZRk5rnWLOUZtcJ-JgvLJw-t500x500.jpg,"<iframe width=""100%"" height=""400"" scrolling=""no"" frameborder=""no"" src=""https://w.soundcloud.com/player/?visual=true&url=https%3A%2F%2Fapi.soundcloud.com%2Ftracks%2F2043705264&show_artwork=true""></iframe>",13
297,2025-02,2025-02-21,XXX Radio,XXX Radio #124,Mau P,https://soundcloud.com/realmaup/xxx-radio-124,https://www.mixesdb.com/w/2025-02-21_-_Mau_P_-_XXX_Radio_124,https://i1.sndcdn.com/artworks-sV4nPWMbvIR7jXL5-2tWTPw-t500x500.jpg,"<iframe width=""100%"" height=""400"" scrolling=""no"" frameborder=""no"" src=""https://w.soundcloud.com/player/?visual=true&url=https%3A%2F%2Fapi.soundcloud.com%2Ftracks%2F2039157181&show_artwork=true""></iframe>",14
298,2025-02,2025-02-13,XXX Radio,XXX Radio #123,Mau P,https://soundcloud.com/realmaup/xxx-radio-123,https://www.mixesdb.com/w/2025-02-14_-_Mau_P_-_XXX_Radio_123,https://i1.sndcdn.com/artworks-Nc4Qy8eJ5pT51gnf-R6ybNQ-t500x500.jpg,"<iframe width=""100%"" height=""400"" scrolling=""no"" frameborder=""no"" src=""https://w.soundcloud.com/player/?visual=true&url=https%3A%2F%2Fapi.soundcloud.com%2Ftracks%2F2033885644&show_artwork=true""></iframe>",14
299,2025-02,2025-02-07,XXX Radio,XXX Radio #122,Mau P,https://soundcloud.com/realmaup/xxx-radio-122,https://www.mixesdb.com/w/2025-02-07_-_Mau_P_-_XXX_Radio_122,https://i1.sndcdn.com/artworks-88nUzP7klP88YCMp-Um7qGg-t500x500.jpg,"<iframe width=""100%"" height=""400"" scrolling=""no"" frameborder=""no"" src=""https://w.soundcloud.com/player/?visual=true&url=https%3A%2F%2Fapi.soundcloud.com%2Ftracks%2F2028457084&show_artwork=true""></iframe>",14
292,2025-03,2025-03-28,XXX Radio,XXX Radio #129,Mau P,https://soundcloud.com/realmaup/xxx-radio-129,https://www.mixesdb.com/w/2025-03-28_-_Mau_P_-_XXX_Radio_129,https://i1.sndcdn.com/artworks-UkS3cFJYX1gzDUji-ICLzMg-t500x500.jpg,"<iframe width=""100%"" height=""400"" scrolling=""no"" frameborder=""no"" src=""https://w.soundcloud.com/player/?visual=true&url=https%3A%2F%2Fapi.soundcloud.com%2Ftracks%2F2065414696&show_artwork=true""></iframe>",14
293,2025-03,2025-03-20,XXX Radio,XXX Radio #128,Mau P,https://soundcloud.com/realmaup/xxx-radio-128,https://www.mixesdb.com/w/2025-03-21_-_Mau_P_-_XXX_Radio_128,https://i1.sndcdn.com/artworks-4Gn6YoLAgZmyUMtc-FcHBTQ-t500x500.jpg,"<iframe width=""100%"" height=""400"" scrolling=""no"" frameborder=""no"" src=""https://w.soundcloud.com/player/?visual=true&url=https%3A%2F%2Fapi.soundcloud.com%2Ftracks%2F2059438904&show_artwork=true""></iframe>",13
294,2025-03,2025-03-14,XXX Radio,XXX Radio #127,Mau P,https://soundcloud.com/realmaup/xxx-radio-127,https://www.mixesdb.com/w/2025-03-14_-_Mau_P_-_XXX_Radio_127,https://i1.sndcdn.com/artworks-L0yoO1K3wc40NmV4-Kafctg-t500x500.jpg,"<iframe width=""100%"" height=""400"" scrolling=""no"" frameborder=""no"" src=""https://w.soundcloud.com/player/?visual=true&url=https%3A%2F%2Fapi.soundcloud.com%2Ftracks%2F2054145344&show_artwork=true""></iframe>",14
295,2025-03,2025-03-06,XXX Radio,XXX Radio #126,Mau P,https://soundcloud.com/realmaup/xxx-radio-126,https://www.mixesdb.com/w/2025-03-07_-_Mau_P_-_XXX_Radio_126,https://i1.sndcdn.com/artworks-wX3rHanQD4amGt2p-7LP1UQ-t500x500.jpg,"<iframe width=""100%"" height=""400"" scrolling=""no"" frameborder=""no"" src=""https://w.soundcloud.com/player/?visual=true&url=https%3A%2F%2Fapi.soundcloud.com%2Ftracks%2F2048477324&show_artwork=true""></iframe>",14
288,2025-04,2025-04-25,XXX Radio,XXX Radio #133,Mau P,https://soundcloud.com/realmaup/xxx-radio-133,https://www.mixesdb.com/w/2025-04-25_-_Mau_P_-_XXX_Radio_133,https://i1.sndcdn.com/artworks-g9RELG1cvyOByHJW-tpxqNQ-t500x500.jpg,"<iframe width=""100%"" height=""400"" scrolling=""no"" frameborder=""no"" src=""https://w.soundcloud.com/player/?visual=true&url=https%3A%2F%2Fapi.soundcloud.com%2Ftracks%2F2085005574&show_artwork=true""></iframe>",14
289,2025-04,2025-04-17,XXX Radio,XXX Radio #132,Mau P,https://soundcloud.com/realmaup/xxx-radio-132,https://www.mixesdb.com/w/2025-04-18_-_Mau_P_-_XXX_Radio_132,https://i1.sndcdn.com/artworks-YbTX1moJq6CY9glg-FJRbnQ-t500x500.jpg,"<iframe width=""100%"" height=""400"" scrolling=""no"" frameborder=""no"" src=""https://w.soundcloud.com/player/?visual=true&url=https%3A%2F%2Fapi.soundcloud.com%2Ftracks%2F2080743285&show_artwork=true""></iframe>",13
290,2025-04,2025-04-10,XXX Radio,XXX Radio #131,Mau P,https://soundcloud.com/realmaup/xxx-radio-131,https://www.mixesdb.com/w/2025-04-11_-_Mau_P_-_XXX_Radio_131,https://i1.sndcdn.com/artworks-JZayc7awxQciNH7M-4mzFIQ-t500x500.jpg,"<iframe width=""100%"" height=""400"" scrolling=""no"" frameborder=""no"" src=""https://w.soundcloud.com/player/?visual=true&url=https%3A%2F%2Fapi.soundcloud.com%2Ftracks%2F2075641768&show_artwork=true""></iframe>",14
291,2025-04,2025-04-03,XXX Radio,XXX Radio #130,Mau P,https://soundcloud.com/realmaup/xxx-radio-130,https://www.mixesdb.com/w/2025-04-04_-_Mau_P_-_XXX_Radio_130,https://i1.sndcdn.com/artworks-hY1h021TIh2YbxJv-59Ch7w-t500x500.jpg,"<iframe width=""100%"" height=""400"" scrolling=""no"" frameborder=""no"" src=""https://w.soundcloud.com/player/?visual=true&url=https%3A%2F%2Fapi.soundcloud.com%2Ftracks%2F2070410748&show_artwork=true""></iframe>",12
283,2025-05,2025-05-30,XXX Radio,XXX Radio #138,Mau P,https://soundcloud.com/realmaup/xxx-radio-138,https://www.mixesdb.com/w/2025-05-30_-_Mau_P_-_XXX_Radio_138,https://i1.sndcdn.com/artworks-Vjx9cl2paTTnhjr3-TvkaIQ-t500x500.jpg,"<iframe width=""100%"" height=""400"" scrolling=""no"" frameborder=""no"" src=""https://w.soundcloud.com/player/?visual=true&url=https%3A%2F%2Fapi.soundcloud.com%2Ftracks%2F2104646832&show_artwork=true""></iframe>",14
284,2025-05,2025-05-23,XXX Radio,XXX Radio #137,Mau P,https://soundcloud.com/realmaup/xxx-radio-137,https://www.mixesdb.com/w/2025-05-23_-_Mau_P_-_XXX_Radio_137,https://i1.sndcdn.com/artworks-DPfEETunrh5ztZCy-WX22Sg-t500x500.jpg,"<iframe width=""100%"" height=""400"" scrolling=""no"" frameborder=""no"" src=""https://w.soundcloud.com/player/?visual=true&url=https%3A%2F%2Fapi.soundcloud.com%2Ftracks%2F2100632514&show_artwork=true""></iframe>",12
285,2025-05,2025-05-16,XXX Radio,XXX Radio #136,Mau P,https://soundcloud.com/realmaup/xxx-radio-136,https://www.mixesdb.com/w/2025-05-16_-_Mau_P_-_XXX_Radio_136,https://i1.sndcdn.com/artworks-BjdcmmgitOI0boea-xnb33A-t500x500.jpg,"<iframe width=""100%"" height=""400"" scrolling=""no"" frameborder=""no"" src=""https://w.soundcloud.com/player/?visual=true&url=https%3A%2F%2Fapi.soundcloud.com%2Ftracks%2F2096868948&show_artwork=true""></iframe>",14
286,2025-05,2025-05-08,XXX Radio,XXX Radio #135,Mau P,https://soundcloud.com/realmaup/xxx-radio-135,https://www.mixesdb.com/w/2025-05-09_-_Mau_P_-_XXX_Radio_135,https://i1.sndcdn.com/artworks-ARMSs9sxaTLLL1Rl-vZU3MQ-t500x500.jpg,"<iframe width=""100%"" height=""400"" scrolling=""no"" frameborder=""no"" src=""https://w.soundcloud.com/player/?visual=true&url=https%3A%2F%2Fapi.soundcloud.com%2Ftracks%2F2092408704&show_artwork=true""></iframe>",14
287,2025-05,2025-05-02,XXX Radio,XXX Radio #134,Mau P,https://soundcloud.com/realmaup/xxx-radio-134,https://www.mixesdb.com/w/2025-05-02_-_Mau_P_-_XXX_Radio_134,https://i1.sndcdn.com/artworks-2Is4Z0jUuGaFYjsb-Jb9COw-t500x500.jpg,"<iframe width=""100%"" height=""400"" scrolling=""no"" frameborder=""no"" src=""https://w.soundcloud.com/player/?visual=true&url=https%3A%2F%2Fapi.soundcloud.com%2Ftracks%2F2088603324&show_artwork=true""></iframe>",14
279,2025-06,2025-06-27,XXX Radio,XXX Radio #142,Mau P,https://soundcloud.com/realmaup/xxx-radio-142,https://www.mixesdb.com/w/2025-06-27_-_Mau_P_-_XXX_Radio_142,https://i1.sndcdn.com/artworks-ba4SEzvVav1xg52D-CEnUDA-t500x500.jpg,"<iframe width=""100%"" height=""400"" scrolling=""no"" frameborder=""no"" src=""https://w.soundcloud.com/player/?visual=true&url=https%3A%2F%2Fapi.soundcloud.com%2Ftracks%2F2120387307&show_artwork=true""></iframe>",13
280,2025-06,2025-06-20,XXX Radio,XXX Radio #141,Mau P,https://soundcloud.com/realmaup/xxx-radio-141,https://www.mixesdb.com/w/2025-06-20_-_Mau_P_-_XXX_Radio_141,https://i1.sndcdn.com/artworks-mMmgt5yeejkK1Mba-S0QGfg-t500x500.jpg,"<iframe width=""100%"" height=""400"" scrolling=""no"" frameborder=""no"" src=""https://w.soundcloud.com/player/?visual=true&url=https%3A%2F%2Fapi.soundcloud.com%2Ftracks%2F2116463799&show_artwork=true""></iframe>",14
281,2025-06,2025-06-13,XXX Radio,XXX Radio #140,Mau P,https://soundcloud.com/realmaup/xxx-radio-140,https://www.mixesdb.com/w/2025-06-13_-_Mau_P_-_XXX_Radio_140,https://i1.sndcdn.com/artworks-kbPPcl4w9zChCjpB-3s6uFw-t500x500.jpg,"<iframe width=""100%"" height=""400"" scrolling=""no"" frameborder=""no"" src=""https://w.soundcloud.com/player/?visual=true&url=https%3A%2F%2Fapi.soundcloud.com%2Ftracks%2F2112519897&show_artwork=true""></iframe>",13
282,2025-06,2025-06-06,XXX Radio,XXX Radio #139,Mau P,https://soundcloud.com/realmaup/xxx-radio-139,https://www.mixesdb.com/w/2025-06-06_-_Mau_P_-_XXX_Radio_139,https://i1.sndcdn.com/artworks-bSrMCMZCwuPMJfJu-LtYAuA-t500x500.jpg,"<iframe width=""100%"" height=""400"" scrolling=""no"" frameborder=""no"" src=""https://w.soundcloud.com/player/?visual=true&url=https%3A%2F%2Fapi.soundcloud.com%2Ftracks%2F2108720412&show_artwork=true""></iframe>",14
275,2025-07,2025-07-25,XXX Radio,XXX Radio #146,Mau P,https://soundcloud.com/realmaup/xxx-radio-146,https://www.mixesdb.com/w/2025-07-25_-_Mau_P_-_XXX_Radio_146,https://i1.sndcdn.com/artworks-oT3I9k6mG18gPzZV-zU9cFw-t500x500.jpg,"<iframe width=""100%"" height=""400"" scrolling=""no"" frameborder=""no"" src=""https://w.soundcloud.com/player/?visual=true&url=https%3A%2F%2Fapi.soundcloud.com%2Ftracks%2F2136119124&show_artwork=true""></iframe>",13
276,2025-07,2025-07-17,XXX Radio,XXX Radio #145,Mau P,https://soundcloud.com/realmaup/xxx-radio-145,https://www.mixesdb.com/w/2025-07-18_-_Mau_P_-_XXX_Radio_145,https://i1.sndcdn.com/artworks-Q4wEUAzpi5r1E24j-ms8BzA-t500x500.jpg,"<iframe width=""100%"" height=""400"" scrolling=""no"" frameborder=""no"" src=""https://w.soundcloud.com/player/?visual=true&url=https%3A%2F%2Fapi.soundcloud.com%2Ftracks%2F2132061630&show_artwork=true""></iframe>",13
277,2025-07,2025-07-10,XXX Radio,XXX Radio #144,Mau P,https://soundcloud.com/realmaup/xxx-radio-144,https://www.mixesdb.com/w/2025-07-11_-_Mau_P_-_XXX_Radio_144,https://i1.sndcdn.com/artworks-I3XYzlD1CwshmKDP-vCj0xg-t500x500.jpg,"<iframe width=""100%"" height=""400"" scrolling=""no"" frameborder=""no"" src=""https://w.soundcloud.com/player/?visual=true&url=https%3A%2F%2Fapi.soundcloud.com%2Ftracks%2F2128026615&show_artwork=true""></iframe>",13
278,2025-07,2025-07-03,XXX Radio,XXX Radio #143,Mau P,https://soundcloud.com/realmaup/xxx-radio-143,https://www.mixesdb.com/w/2025-07-04_-_Mau_P_-_XXX_Radio_143,https://i1.sndcdn.com/artworks-pnzhpw5fFeE4bDs6-9JqoZg-t500x500.jpg,"<iframe width=""100%"" height=""400"" scrolling=""no"" frameborder=""no"" src=""https://w.soundcloud.com/player/?visual=true&url=https%3A%2F%2Fapi.soundcloud.com%2Ftracks%2F2124238449&show_artwork=true""></iframe>",13
270,2025-08,2025-08-29,XXX Radio,XXX Radio #151,Mau P,https://soundcloud.com/realmaup/xxx-radio-151,,https://i1.sndcdn.com/artworks-DAMAL6LnipXzfuid-j1GHZg-t500x500.jpg,"<iframe width=""100%"" height=""400"" scrolling=""no"" frameborder=""no"" src=""https://w.soundcloud.com/player/?visual=true&url=https%3A%2F%2Fapi.soundcloud.com%2Ftracks%2F2161334100&show_artwork=true""></iframe>",0
271,2025-08,2025-08-21,XXX Radio,XXX Radio #150,Mau P,https://soundcloud.com/realmaup/xxx-radio-150,https://www.mixesdb.com/w/2025-08-22_-_Mau_P_-_XXX_Radio_150,https://i1.sndcdn.com/artworks-89kq81AINGum0wze-4rFgFg-t500x500.jpg,"<iframe width=""100%"" height=""400"" scrolling=""no"" frameborder=""no"" src=""https://w.soundcloud.com/player/?visual=true&url=https%3A%2F%2Fapi.soundcloud.com%2Ftracks%2F2157265683&show_artwork=true""></iframe>",13
272,2025-08,2025-08-15,XXX Radio,XXX Radio #149,Mau P,https://soundcloud.com/realmaup/xxx-radio-149,https://www.mixesdb.com/w/2025-08-15_-_Mau_P_-_XXX_Radio_149,https://i1.sndcdn.com/artworks-HQoU6yYpTluqmpPQ-TT3w2Q-t500x500.jpg,"<iframe width=""100%"" height=""400"" scrolling=""no"" frameborder=""no"" src=""https://w.soundcloud.com/player/?visual=true&url=https%3A%2F%2Fapi.soundcloud.com%2Ftracks%2F2153549871&show_artwork=true""></iframe>",13
273,2025-08,2025-08-08,XXX Radio,XXX Radio #148,Mau P,https://soundcloud.com/realmaup/xxx148,https://www.mixesdb.com/w/2025-08-08_-_Mau_P_-_XXX_Radio_148,https://i1.sndcdn.com/artworks-rqm9kvwZ3VbeCL1B-9ANWFA-t500x500.jpg,"<iframe width=""100%"" height=""400"" scrolling=""no"" frameborder=""no"" src=""https://w.soundcloud.com/player/?visual=true&url=https%3A%2F%2Fapi.soundcloud.com%2Ftracks%2F2150046039&show_artwork=true""></iframe>",13
274,2025-08,2025-08-01,XXX Radio,XXX Radio #147,Mau P,https://soundcloud.com/realmaup/xxx-radio-147,https://www.mixesdb.com/w/2025-08-01_-_Mau_P_-_XXX_Radio_147,https://i1.sndcdn.com/artworks-Yv02AlqQutL4KTFz-oSP3Lw-t500x500.jpg,"<iframe width=""100%"" height=""400"" scrolling=""no"" frameborder=""no"" src=""https://w.soundcloud.com/player/?visual=true&url=https%3A%2F%2Fapi.soundcloud.com%2Ftracks%2F2140361352&show_artwork=true""></iframe>",13
266,2025-09,2025-09-26,XXX Radio,XXX Radio #155,Mau P,https://soundcloud.com/realmaup/xxx-radio-155,,https://i1.sndcdn.com/artworks-LGKB2HS6kcWMvuWq-1bmBPQ-t500x500.jpg,"<iframe width=""100%"" height=""400"" scrolling=""no"" frameborder=""no"" src=""https://w.soundcloud.com/player/?visual=true&url=https%3A%2F%2Fapi.soundcloud.com%2Ftracks%2F2176885464&show_artwork=true""></iframe>",0
267,2025-09,2025-09-19,XXX Radio,XXX Radio #154,Mau P,https://soundcloud.com/realmaup/xxx-radio-154,,https://i1.sndcdn.com/artworks-BI12iRddfFp0jcsz-gyz9zQ-t500x500.jpg,"<iframe width=""100%"" height=""400"" scrolling=""no"" frameborder=""no"" src=""https://w.soundcloud.com/player/?visual=true&url=https%3A%2F%2Fapi.soundcloud.com%2Ftracks%2F2173038378&show_artwork=true""></iframe>",0
268,2025-09,2025-09-12,XXX Radio,XXX Radio #153,Mau P,https://soundcloud.com/realmaup/xxx-radio-153,,https://i1.sndcdn.com/artworks-Glf9SyJyBE0zxojF-iKOtQA-t500x500.jpg,"<iframe width=""100%"" height=""400"" scrolling=""no"" frameborder=""no"" src=""https://w.soundcloud.com/player/?visual=true&url=https%3A%2F%2Fapi.soundcloud.com%2Ftracks%2F2169544923&show_artwork=true""></iframe>",0
269,2025-09,2025-09-05,XXX Radio,XXX Radio #152,Mau P,https://soundcloud.com/realmaup/xxx-radio-152,,https://i1.sndcdn.com/artworks-XLDPENdoljEOb0vh-Zatsig-t500x500.jpg,"<iframe width=""100%"" height=""400"" scrolling=""no"" frameborder=""no"" src=""https://w.soundcloud.com/player/?visual=true&url=https%3A%2F%2Fapi.soundcloud.com%2Ftracks%2F2165231457&show_artwork=true""></iframe>",0
261,2025-10,2025-10-31,XXX Radio,XXX Radio #160,Mau P,https://soundcloud.com/realmaup/xxx-radio-160,,https://i1.sndcdn.com/artworks-UfusbDKRnesljyHl-aEzGDA-t500x500.jpg,"<iframe width=""100%"" height=""400"" scrolling=""no"" frameborder=""no"" src=""https://w.soundcloud.com/player/?visual=true&url=https%3A%2F%2Fapi.soundcloud.com%2Ftracks%2F2203378643&show_artwork=true""></iframe>",0
262,2025-10,2025-10-24,XXX Radio,XXX Radio #159,Mau P,https://soundcloud.com/realmaup/xxx-radio-159,,https://i1.sndcdn.com/artworks-UqQygZABo8BC1dwE-eoSHFg-t500x500.jpg,"<iframe width=""100%"" height=""400"" scrolling=""no"" frameborder=""no"" src=""https://w.soundcloud.com/player/?visual=true&url=https%3A%2F%2Fapi.soundcloud.com%2Ftracks%2F2197543991&show_artwork=true""></iframe>",0
263,2025-10,2025-10-17,XXX Radio,XXX Radio #158,Mau P,https://soundcloud.com/realmaup/xxx-radio-158,,https://i1.sndcdn.com/artworks-aUnIoL8Dyu7oPOJv-cgWyyg-t500x500.jpg,"<iframe width=""100%"" height=""400"" scrolling=""no"" frameborder=""no"" src=""https://w.soundcloud.com/player/?visual=true&url=https%3A%2F%2Fapi.soundcloud.com%2Ftracks%2F2192146635&show_artwork=true""></iframe>",0
264,2025-10,2025-10-10,XXX Radio,XXX Radio #157,Mau P,https://soundcloud.com/realmaup/xxx-radio-157,,https://i1.sndcdn.com/artworks-5Po38tuzeCbrs44P-lk0YcA-t500x500.jpg,"<iframe width=""100%"" height=""400"" scrolling=""no"" frameborder=""no"" src=""https://w.soundcloud.com/player/?visual=true&url=https%3A%2F%2Fapi.soundcloud.com%2Ftracks%2F2187101993&show_artwork=true""></iframe>",0
265,2025-10,2025-10-03,XXX Radio,XXX Radio #156,Mau P,https://soundcloud.com/realmaup/xxx-radio-156,,https://i1.sndcdn.com/artworks-RGW6qq2zTzK2PFCA-MOl5rA-t500x500.jpg,"<iframe width=""100%"" height=""400"" scrolling=""no"" frameborder=""no"" src=""https://w.soundcloud.com/player/?visual=true&url=https%3A%2F%2Fapi.soundcloud.com%2Ftracks%2F2181265447&show_artwork=true""></iframe>",0
257,2025-11,2025-11-28,XXX Radio,XXX Radio #164,Mau P,https://soundcloud.com/realmaup/xxx-radio-164,,https://i1.sndcdn.com/artworks-91LUY481C7uuXQgE-SoqSZg-t500x500.jpg,"<iframe width=""100%"" height=""400"" scrolling=""no"" frameborder=""no"" src=""https://w.soundcloud.com/player/?visual=true&url=https%3A%2F%2Fapi.soundcloud.com%2Ftracks%2F2220554846&show_artwork=true""></iframe>",0
258,2025-11,2025-11-21,XXX Radio,XXX Radio #163,Mau P,https://soundcloud.com/realmaup/xxx-radio-163,,https://i1.sndcdn.com/artworks-ouksWdoAiHB1kHvG-8wJFwQ-t500x500.jpg,"<iframe width=""100%"" height=""400"" scrolling=""no"" frameborder=""no"" src=""https://w.soundcloud.com/player/?visual=true&url=https%3A%2F%2Fapi.soundcloud.com%2Ftracks%2F2216339435&show_artwork=true""></iframe>",0
259,2025-11,2025-11-13,XXX Radio,XXX Radio #162,Mau P,https://soundcloud.com/realmaup/xxx-radio-162,,https://i1.sndcdn.com/artworks-yhLdNkKXa8DcF1Fo-AIkYMA-t500x500.jpg,"<iframe width=""100%"" height=""400"" scrolling=""no"" frameborder=""no"" src=""https://w.soundcloud.com/player/?visual=true&url=https%3A%2F%2Fapi.soundcloud.com%2Ftracks%2F2212237844&show_artwork=true""></iframe>",0
260,2025-11,2025-11-07,XXX Radio,XXX Radio #161,Mau P,https://soundcloud.com/realmaup/xxx-radio-161,,https://i1.sndcdn.com/artworks-YfKLJcVVEXv4VFjR-flrOkA-t500x500.jpg,"<iframe width=""100%"" height=""400"" scrolling=""no"" frameborder=""no"" src=""https://w.soundcloud.com/player/?visual=true&url=https%3A%2F%2Fapi.soundcloud.com%2Ftracks%2F2208367127&show_artwork=true""></iframe>",0
253,2025-12,2025-12-26,XXX Radio,XXX Radio #168,Mau P,https://soundcloud.com/realmaup/xxx-radio-168,,https://i1.sndcdn.com/artworks-1qwZZ3LAjrh0aNcX-plvb1w-t500x500.jpg,"<iframe width=""100%"" height=""400"" scrolling=""no"" frameborder=""no"" src=""https://w.soundcloud.com/player/?visual=true&url=https%3A%2F%2Fapi.soundcloud.com%2Ftracks%2F2236662545&show_artwork=true""></iframe>",0
254,2025-12,2025-12-18,XXX Radio,XXX Radio #167,Mau P,https://soundcloud.com/realmaup/xxx-radio-167,,https://i1.sndcdn.com/artworks-3DzzoGauDtMeY0Xz-l9XNhw-t500x500.jpg,"<iframe width=""100%"" height=""400"" scrolling=""no"" frameborder=""no"" src=""https://w.soundcloud.com/player/?visual=true&url=https%3A%2F%2Fapi.soundcloud.com%2Ftracks%2F2232383990&show_artwork=true""></iframe>",0
255,2025-12,2025-12-12,XXX Radio,XXX Radio #166,Mau P,https://soundcloud.com/realmaup/xxx-radio-166,,https://i1.sndcdn.com/artworks-Lf9h3h3d9zaDTRST-gDmPUQ-t500x500.jpg,"<iframe width=""100%"" height=""400"" scrolling=""no"" frameborder=""no"" src=""https://w.soundcloud.com/player/?visual=true&url=https%3A%2F%2Fapi.soundcloud.com%2Ftracks%2F2228274230&show_artwork=true""></iframe>",0
256,2025-12,2025-12-05,XXX Radio,XXX Radio #165,Mau P,https://soundcloud.com/realmaup/xxx-radio-165,,https://i1.sndcdn.com/artworks-pzzfcNHIE0yt99fy-yzakOw-t500x500.jpg,"<iframe width=""100%"" height=""400"" scrolling=""no"" frameborder=""no"" src=""https://w.soundcloud.com/player/?visual=true&url=https%3A%2F%2Fapi.soundcloud.com%2Ftracks%2F2224313819&show_artwork=true""></iframe>",0
248,2026-01,2026-01-30,XXX Radio,XXX Radio #173,Mau P,https://soundcloud.com/realmaup/xxx-radio-173,https://www.1001tracklists.com/tracklist/wjsnhgt/mau-p-xxx-radio-173-2026-01-30.html,https://i1.sndcdn.com/artworks-I9R1TGCcRAhwAQZy-oFLbsQ-t500x500.jpg,"<iframe width=""100%"" height=""400"" scrolling=""no"" frameborder=""no"" src=""https://w.soundcloud.com/player/?visual=true&url=https%3A%2F%2Fapi.soundcloud.com%2Ftracks%2F2257106672&show_artwork=true""></iframe>",14
249,2026-01,2026-01-23,XXX Radio,XXX Radio #172,Mau P,https://soundcloud.com/realmaup/xxx-radio-172,https://www.1001tracklists.com/tracklist/2q8h2xt9/mau-p-xxx-radio-172-2026-01-23.html,https://i1.sndcdn.com/artworks-ul1kclEJQASRKS12-84uGXQ-t500x500.jpg,"<iframe width=""100%"" height=""400"" scrolling=""no"" frameborder=""no"" src=""https://w.soundcloud.com/player/?visual=true&url=https%3A%2F%2Fapi.soundcloud.com%2Ftracks%2F2252538074&show_artwork=true""></iframe>",13
250,2026-01,2026-01-16,XXX Radio,XXX Radio #171,Mau P,https://soundcloud.com/realmaup/xxx-radio-171,https://www.1001tracklists.com/tracklist/up2slh9/mau-p-xxx-radio-171-2026-01-16.html,https://i1.sndcdn.com/artworks-aXoyh53UyJfZyFmD-PRVjBA-t500x500.jpg,"<iframe width=""100%"" height=""400"" scrolling=""no"" frameborder=""no"" src=""https://w.soundcloud.com/player/?visual=true&url=https%3A%2F%2Fapi.soundcloud.com%2Ftracks%2F2248923566&show_artwork=true""></iframe>",13
251,2026-01,2026-01-09,XXX Radio,XXX Radio #170,Mau P,https://soundcloud.com/realmaup/xxx-radio-170,https://www.1001tracklists.com/tracklist/2c2sgjct/mau-p-xxx-radio-170-2026-01-09.html,https://i1.sndcdn.com/artworks-N3GAO6SkMqPjwYa9-1XIjPg-t500x500.jpg,"<iframe width=""100%"" height=""400"" scrolling=""no"" frameborder=""no"" src=""https://w.soundcloud.com/player/?visual=true&url=https%3A%2F%2Fapi.soundcloud.com%2Ftracks%2F2244311423&show_artwork=true""></iframe>",14
252,2026-01,2026-01-02,XXX Radio,XXX Radio #169,Mau P,https://soundcloud.com/realmaup/xxx-radio-169,https://www.1001tracklists.com/tracklist/14wup13k/mau-p-xxx-radio-169-2026-01-02.html,https://i1.sndcdn.com/artworks-6h6mMBQ0G37UPG1z-fMrLJg-t500x500.jpg,"<iframe width=""100%"" height=""400"" scrolling=""no"" frameborder=""no"" src=""https://w.soundcloud.com/player/?visual=true&url=https%3A%2F%2Fapi.soundcloud.com%2Ftracks%2F2240459933&show_artwork=true""></iframe>",13
243,2026-02,2026-02-27,XXX Radio,XXX Radio #177,Mau P,https://soundcloud.com/realmaup/xxx-radio-177,https://www.1001tracklists.com/tracklist/2jpvrw3t/mau-p-xxx-radio-177-2026-02-27.html,https://i1.sndcdn.com/artworks-MynikIMPjTmVTPzI-C3nFXQ-t500x500.jpg,"<iframe width=""100%"" height=""400"" scrolling=""no"" frameborder=""no"" src=""https://w.soundcloud.com/player/?visual=true&url=https%3A%2F%2Fapi.soundcloud.com%2Ftracks%2F2274416819&show_artwork=true""></iframe>",10
244,2026-02,2026-02-20,XXX Radio,XXX Radio #176,Mau P,https://soundcloud.com/realmaup/xxx-radio-176,https://www.1001tracklists.com/tracklist/2pbuv3ut/mau-p-xxx-radio-176-2026-02-20.html,https://i1.sndcdn.com/artworks-syLUF7E9ccKNUPBL-ISjG2Q-t500x500.jpg,"<iframe width=""100%"" height=""400"" scrolling=""no"" frameborder=""no"" src=""https://w.soundcloud.com/player/?visual=true&url=https%3A%2F%2Fapi.soundcloud.com%2Ftracks%2F2270009240&show_artwork=true""></iframe>",14
245,2026-02,2026-02-13,XXX Radio,XXX Radio #175,Mau P,https://soundcloud.com/realmaup/xxx-radio-175,https://www.1001tracklists.com/tracklist/2t205sd1/mau-p-xxx-radio-175-2026-02-13.html,https://i1.sndcdn.com/artworks-TJkSqyQuBrT1e3qz-wLkdMg-t500x500.jpg,"<iframe width=""100%"" height=""400"" scrolling=""no"" frameborder=""no"" src=""https://w.soundcloud.com/player/?visual=true&url=https%3A%2F%2Fapi.soundcloud.com%2Ftracks%2F2265615479&show_artwork=true""></iframe>",14
246,2026-02,2026-02-06,XXX Radio,XXX Radio #174,Mau P,https://soundcloud.com/realmaup/xxx-radio-174,https://www.1001tracklists.com/tracklist/2d0rcr41/mau-p-xxx-radio-174-2026-02-06.html,https://i1.sndcdn.com/artworks-1gYfou0eIZ1lVvPT-UsIulA-t500x500.jpg,"<iframe width=""100%"" height=""400"" scrolling=""no"" frameborder=""no"" src=""https://w.soundcloud.com/player/?visual=true&url=https%3A%2F%2Fapi.soundcloud.com%2Ftracks%2F2261207720&show_artwork=true""></iframe>",14
239,2026-03,2026-03-27,XXX Radio,XXX Radio #181,Mau P,https://soundcloud.com/realmaup/xxx-radio-181,https://www.1001tracklists.com/tracklist/2lknz2q9/mau-p-xxx-radio-181-2026-03-27.html,https://i1.sndcdn.com/artworks-0yiKcpbZ8RRbDnqT-kkByCQ-t500x500.jpg,"<iframe width=""100%"" height=""400"" scrolling=""no"" frameborder=""no"" src=""https://w.soundcloud.com/player/?visual=true&url=https%3A%2F%2Fapi.soundcloud.com%2Ftracks%2F2291414093&show_artwork=true""></iframe>",13
240,2026-03,2026-03-20,XXX Radio,XXX Radio #180,Mau P,https://soundcloud.com/realmaup/xxx-radio-180,https://www.1001tracklists.com/tracklist/2hs6kbsk/mau-p-xxx-radio-180-2026-03-20.html,https://i1.sndcdn.com/artworks-9Yp28XOy3Ktvoi9x-E0wy1g-t500x500.jpg,"<iframe width=""100%"" height=""400"" scrolling=""no"" frameborder=""no"" src=""https://w.soundcloud.com/player/?visual=true&url=https%3A%2F%2Fapi.soundcloud.com%2Ftracks%2F2287399430&show_artwork=true""></iframe>",14
241,2026-03,2026-03-12,XXX Radio,XXX Radio #179,Mau P,https://soundcloud.com/realmaup/xxx-radio-179,https://www.1001tracklists.com/tracklist/2nf5d029/mau-p-xxx-radio-179-2026-03-13.html,https://i1.sndcdn.com/artworks-sSJCvHwOSihBzwbM-9aLQZw-t500x500.jpg,"<iframe width=""100%"" height=""400"" scrolling=""no"" frameborder=""no"" src=""https://w.soundcloud.com/player/?visual=true&url=https%3A%2F%2Fapi.soundcloud.com%2Ftracks%2F2282706755&show_artwork=true""></iframe>",13
242,2026-03,2026-03-06,XXX Radio,XXX Radio #178,Mau P,https://soundcloud.com/realmaup/xxx-radio-178,https://www.1001tracklists.com/tracklist/1w68dvhk/mau-p-xxx-radio-178-2026-03-06.html,https://i1.sndcdn.com/artworks-P3oXNVXzZp0Z8Ono-4JsTPw-t500x500.jpg,"<iframe width=""100%"" height=""400"" scrolling=""no"" frameborder=""no"" src=""https://w.soundcloud.com/player/?visual=true&url=https%3A%2F%2Fapi.soundcloud.com%2Ftracks%2F2278408961&show_artwork=true""></iframe>",13
234,2026-04,2026-04-30,XXX Radio,XXX Radio #186,Mau P,https://soundcloud.com/realmaup/xxx-radio-186,https://www.1001tracklists.com/tracklist/rw9yq69/mau-p-xxx-radio-186-2026-05-01.html,https://i1.sndcdn.com/artworks-dVAWEoDRFQnIxuej-9tYXXg-t500x500.jpg,"<iframe width=""100%"" height=""400"" scrolling=""no"" frameborder=""no"" src=""https://w.soundcloud.com/player/?visual=true&url=https%3A%2F%2Fapi.soundcloud.com%2Ftracks%2F2312423792&show_artwork=true""></iframe>",14
235,2026-04,2026-04-27,XXX Radio,XXX Radio #185,Mau P,https://soundcloud.com/realmaup/xxx-radio-185,https://www.1001tracklists.com/tracklist/9x7zpq9/mau-p-xxx-radio-185-2026-04-24.html,https://i1.sndcdn.com/artworks-39fWYOxxCrVAV8Cr-zgy7aA-t500x500.jpg,"<iframe width=""100%"" height=""400"" scrolling=""no"" frameborder=""no"" src=""https://w.soundcloud.com/player/?visual=true&url=https%3A%2F%2Fapi.soundcloud.com%2Ftracks%2F2310124268&show_artwork=true""></iframe>",13
236,2026-04,2026-04-17,XXX Radio,XXX Radio #184,Mau P,https://soundcloud.com/realmaup/xxx-radio-184,https://www.1001tracklists.com/tracklist/1qmqmvd1/mau-p-xxx-radio-184-2026-04-17.html,https://i1.sndcdn.com/artworks-2O2gSSjS7uC94ZYK-72aNmQ-t500x500.jpg,"<iframe width=""100%"" height=""400"" scrolling=""no"" frameborder=""no"" src=""https://w.soundcloud.com/player/?visual=true&url=https%3A%2F%2Fapi.soundcloud.com%2Ftracks%2F2304308648&show_artwork=true""></iframe>",13
237,2026-04,2026-04-10,XXX Radio,XXX Radio #183,Mau P,https://soundcloud.com/realmaup/xxx-radio-183,https://www.1001tracklists.com/tracklist/n4z93xt/mau-p-xxx-radio-183-2026-04-10.html,https://i1.sndcdn.com/artworks-1WBHHFw1zcpyPCsf-YJzFQQ-t500x500.jpg,"<iframe width=""100%"" height=""400"" scrolling=""no"" frameborder=""no"" src=""https://w.soundcloud.com/player/?visual=true&url=https%3A%2F%2Fapi.soundcloud.com%2Ftracks%2F2299882016&show_artwork=true""></iframe>",12
238,2026-04,2026-04-03,XXX Radio,XXX Radio #182,Mau P,https://soundcloud.com/realmaup/xxx-radio-182,https://www.1001tracklists.com/tracklist/1sh7b3lk/mau-p-xxx-radio-182-2026-04-03.html,https://i1.sndcdn.com/artworks-iyBG9zYWNUd7W1uy-4EzNzQ-t500x500.jpg,"<iframe width=""100%"" height=""400"" scrolling=""no"" frameborder=""no"" src=""https://w.soundcloud.com/player/?visual=true&url=https%3A%2F%2Fapi.soundcloud.com%2Ftracks%2F2295664907&show_artwork=true""></iframe>",14
233,2026-05,2026-05-08,XXX Radio,XXX Radio #187,Mau P,https://soundcloud.com/realmaup/xxx-radio-187,https://www.1001tracklists.com/tracklist/2t2jhgqt/mau-p-xxx-radio-187-2026-05-08.html,https://i1.sndcdn.com/artworks-HLJSTgHJeTm6fmtn-c3NnFw-t500x500.jpg,"<iframe width=""100%"" height=""400"" scrolling=""no"" frameborder=""no"" src=""https://w.soundcloud.com/player/?visual=true&url=https%3A%2F%2Fapi.soundcloud.com%2Ftracks%2F2316790295&show_artwork=true""></iframe>",8
421,2026-05,2026-05-14,XXX Radio,XXX Radio #188,Mau P,https://soundcloud.com/realmaup/xxx-radio-188,https://1001.tl/m1cbjm,https://i1.sndcdn.com/artworks-8XJezLLOxTGObAGf-YENzHw-t500x500.jpg,"<iframe width=""100%"" height=""400"" scrolling=""no"" frameborder=""no"" src=""https://w.soundcloud.com/player/?visual=true&url=https%3A%2F%2Fapi.soundcloud.com%2Ftracks%2F2320862096&show_artwork=true""></iframe>",13
637,2026-05,2026-05-22,XXX Radio,XXX Radio #189,Mau P,https://soundcloud.com/realmaup/xxx-radio-189,https://www.1001tracklists.com/tracklist/2t2m6171/mau-p-xxx-radio-189-2026-05-22.html,https://i1.sndcdn.com/artworks-b4NF2Yey04x9QcIp-ZmD7kQ-t500x500.jpg,"<iframe width=""100%"" height=""400"" scrolling=""no"" frameborder=""no"" src=""https://w.soundcloud.com/player/?visual=true&url=https%3A%2F%2Fapi.soundcloud.com%2Ftracks%2F2325604298&show_artwork=true""></iframe>",11
640,2026-05,2026-05-29,XXX Radio,XXX Radio #190,Mau P,https://soundcloud.com/realmaup/xxx-radio-190,https://www.1001tracklists.com/tracklist/2c3m81st/mau-p-xxx-radio-190-2026-05-29.html,https://i1.sndcdn.com/artworks-w3dq8U39OLNJJsgF-JRohhg-t500x500.jpg,"<iframe width=""100%"" height=""400"" scrolling=""no"" frameborder=""no"" src=""https://w.soundcloud.com/player/?visual=true&url=https%3A%2F%2Fapi.soundcloud.com%2Ftracks%2F2329455107&show_artwork=true""></iframe>",9
